0.000416666666666667,215753.65625
0.0190666666666667,139334.171875
0.0377166666666667,141218.453125
0.0563833333333333,140007.453125
0.0750666666666667,136984.25
0.0937333333333333,139207.0625
0.1124,135140.046875
0.131083333333333,133169.890625
0.14975,130004.9453125
0.168433333333333,131127.34375
0.1871,135436.25
0.205766666666667,126613.7109375
0.22445,126440.171875
0.243116666666667,126560.4921875
0.2618,129460.109375
0.280466666666667,126234.3515625
0.299133333333333,125097.25
0.317816666666667,123206.765625
0.336483333333333,122970.96875
0.355166666666667,125670.046875
0.373833333333333,125590.03125
0.392516666666667,124046.828125
0.411183333333333,127066.46875
0.42985,127875.328125
0.448533333333333,128160.2890625
0.4672,134471.65625
0.485883333333333,132390.546875
0.50455,132226.75
0.523216666666667,135145.75
0.5419,139304.96875
0.560566666666667,149091.984375
0.57925,163176.796875
0.597916666666667,179297.65625
0.616583333333333,185754.578125
0.635266666666667,198965.40625
0.653933333333333,209812
0.6726,221006.46875
0.691283333333333,234760.3125
0.70995,238667.296875
0.728633333333333,234529.015625
0.7473,232041.5
0.765966666666667,237438.515625
0.78465,229516.96875
0.803316666666667,221595.578125
0.821983333333333,213659.59375
0.840666666666667,212233.390625
0.859333333333333,213900.796875
0.878016666666667,202805.3125
0.896683333333333,203944.5
0.91535,200246.4375
0.934033333333333,199891.453125
0.9527,202330.65625
0.971366666666667,190841.75
0.99005,196005.1875
1.00871666666667,196441.109375
1.0274,184616.4375
1.04606666666667,188177.578125
1.06473333333333,184629.09375
1.08341666666667,185498.75
1.10208333333333,178473.265625
1.12075,179058.796875
1.13943333333333,177111.484375
1.1581,183528.140625
1.17678333333333,177079.546875
1.19545,181051.5
1.21411666666667,170590.03125
1.2328,178261.65625
1.25146666666667,179125.546875
1.27015,177765.96875
1.28881666666667,180629.140625
1.30748333333333,177017
1.32616666666667,184948.21875
1.34483333333333,183818.078125
1.36351666666667,174964.234375
1.38218333333333,180231.53125
1.40085,177290.3125
1.41953333333333,179214.171875
1.4382,177259.890625
1.45686666666667,183327.09375
1.47555,172306.453125
1.49421666666667,186343.25
1.5129,181605.890625
1.53156666666667,184103.375
1.55023333333333,184005.234375
1.56891666666667,188344.375
1.58758333333333,180944.53125
1.60626666666667,180363.671875
1.62493333333333,181355.796875
1.6436,182331.390625
1.66228333333333,191103.453125
1.68095,178711.109375
1.69961666666667,181993.078125
1.7183,184469.6875
1.73696666666667,187490.890625
1.75565,193420.671875
1.77431666666667,188748.078125
1.79298333333333,184425.265625
1.81166666666667,177322.625
1.83033333333333,179029.296875
1.84901666666667,182092.234375
1.86768333333333,187145.609375
1.88635,189350.296875
1.90503333333333,187516.46875
1.9237,183467.03125
1.94238333333333,181807
1.96105,185583.53125
1.97971666666667,184174.125
1.9984,183730.65625
2.01706666666667,184213.53125
2.03573333333333,189891.109375
2.05441666666667,181805.046875
2.07308333333333,188096.75
2.09176666666667,181071.5
2.11043333333333,189921.578125
2.1291,190563.828125
2.14778333333333,186902.859375
2.16645,185623.734375
2.18511666666667,185940.6875
2.2038,185949
2.22246666666667,190086.8125
2.24115,187556.15625
2.25981666666667,181496.96875
2.27848333333333,180215
2.29716666666667,186994.453125
2.31583333333333,185495.796875
2.3345,185593.5
2.35318333333333,184978.171875
2.37185,182522.625
2.39053333333333,181129.140625
2.4092,178770.609375
2.42786666666667,186795.65625
2.44655,187478.9375
2.46521666666667,186546.40625
2.4839,186725.390625
2.50256666666667,186035.6875
2.52123333333333,184748.828125
2.53991666666667,195223.875
2.55858333333333,189682.109375
2.57725,186391.546875
2.59593333333333,190254.796875
2.6146,188358.46875
2.63328333333333,184883.171875
2.65195,190833.734375
2.67061666666667,188687.640625
2.6893,186532.390625
2.70796666666667,185362.078125
2.72663333333333,186127.078125
2.74531666666667,182711.6875
2.76398333333333,182475.25
2.78266666666667,184349.953125
2.80133333333333,180649.359375
2.82,187200.109375
2.83868333333333,187007.671875
2.85735,179783.96875
2.87603333333333,180664.046875
2.8947,188947.765625
2.91336666666667,191744.890625
2.93205,182965.546875
2.95071666666667,186297.09375
2.96938333333333,173236.1875
2.98806666666667,183200.15625
3.00673333333333,188164.671875
3.02541666666667,182330.453125
3.04408333333333,174108
3.06275,182166.609375
3.08143333333333,181525.578125
3.1001,172392.578125
3.11878333333333,169880.46875
3.13745,172255.53125
3.15611666666667,173206.671875
3.1748,172245.890625
3.19346666666667,179467.09375
3.21215,174301.078125
3.23081666666667,166932.890625
3.24948333333333,171258.890625
3.26816666666667,177495.21875
3.28683333333333,163645.546875
3.30551666666667,168404.09375
3.32418333333333,161482.46875
3.34285,175608.96875
3.36153333333333,174367.53125
3.3802,184341.46875
3.39886666666667,243457.875
3.41755,284889.6875
3.43621666666667,296192.59375
3.4549,275426.625
3.47356666666667,247024.78125
3.49223333333333,237725.65625
3.51091666666667,239120.5
3.52958333333333,250240.859375
3.54825,260616.71875
3.56693333333333,265930.8125
3.5856,251665.234375
3.60428333333333,236120.078125
3.62295,228577.296875
3.64161666666667,213526.140625
3.6603,211072.09375
3.67896666666667,212005.0625
3.69765,197832.4375
3.71631666666667,193428.15625
3.73498333333333,170297.875
3.75366666666667,172359.75
3.77233333333333,186872.4375
3.791,168392.03125
3.80968333333333,185238.046875
3.82835,175458.625
3.84703333333333,175524.734375
3.8657,180521.796875
3.88436666666667,171563.609375
3.90305,174425.734375
3.92171666666667,174313.15625
3.9404,178479.171875
3.95906666666667,175921.9375
3.97773333333333,158287.90625
3.99641666666667,170543.09375
4.01508333333333,177200.734375
4.03376666666667,171290.328125
4.05243333333333,174201.671875
4.0711,177892.890625
4.08978333333333,164763.484375
4.10845,173975.8125
4.12711666666667,179021.796875
4.1458,173412.046875
4.16446666666667,177805.828125
4.18315,165859.65625
4.20181666666667,173977.046875
4.22048333333333,180644.265625
4.23916666666667,186590.015625
4.25783333333333,177579.078125
4.27651666666667,181533.21875
4.29518333333333,176971.21875
4.31386666666667,180266.8125
4.33253333333333,182138.71875
4.3512,184346.21875
4.36988333333333,183144.65625
4.38855,186123.59375
4.40721666666667,187863.765625
4.4259,186924.546875
4.44456666666667,168759.015625
4.46325,174075.953125
4.48191666666667,182006.390625
4.50058333333333,174863.453125
4.51926666666667,186440.09375
4.53793333333333,167737.546875
4.55661666666667,166708.296875
4.57528333333333,181477.1875
4.59395,188257.125
4.61263333333333,178698.4375
4.6313,192505.671875
4.64998333333333,194623.796875
4.66865,191292.109375
4.68731666666667,191993.234375
4.706,189671.375
4.72466666666667,200225.734375
4.74333333333333,189478.9375
4.76201666666667,174397.015625
4.78068333333333,177180.171875
4.79936666666667,195794.3125
4.81803333333333,177234.21875
4.8367,184620.375
4.85538333333333,195052.546875
4.87405,194290.25
4.89273333333333,189648.03125
4.9114,190187.8125
4.93006666666667,174523.765625
4.94875,206942.09375
4.96741666666667,201477.8125
4.9861,203350.421875
5.00476666666667,201879.859375
5.02343333333333,207427.3125
5.04211666666667,199515.515625
5.06078333333333,206267.875
5.07946666666667,201387.140625
5.09813333333333,209148.25
5.1168,193310.453125
5.13548333333333,192888.4375
5.15415,200603.6875
5.17281666666667,201300.09375
5.1915,206826.09375
5.21016666666667,203990.234375
5.22885,205621.078125
5.24751666666667,206974.890625
5.26618333333333,211113.015625
5.28486666666667,188780.140625
5.30353333333333,209968.6875
5.32221666666667,189821.53125
5.34088333333333,211350.890625
5.35955,210877.3125
5.37823333333333,193351.46875
5.3969,183450.09375
5.41558333333333,206906.75
5.43425,211854.234375
5.45291666666667,189875.65625
5.4716,184311.578125
5.49026666666667,215981.59375
5.50893333333333,195377.640625
5.52761666666667,216874.546875
5.54628333333333,213366.515625
5.56496666666667,214353.875
5.58363333333333,222360.453125
5.6023,209806.796875
5.62098333333333,225248.875
5.63965,217608.9375
5.65833333333333,222507.5
5.677,220569.5
5.69566666666667,191393.21875
5.71435,224205.25
5.73301666666667,222359.296875
5.7517,221163.375
5.77036666666667,220622.078125
5.78903333333333,219404.96875
5.80771666666667,226268.734375
5.82638333333333,220107.078125
5.84505,221540.671875
5.86373333333333,196668.25
5.8824,222475.796875
5.90108333333333,222946.859375
5.91975,223607.5625
5.93841666666667,220520.578125
5.9571,219875.828125
5.97576666666667,201027.859375
5.99445,218170.140625
6.01311666666667,225103.609375
6.03178333333333,225680.9375
6.05046666666667,187730.15625
6.06913333333333,227509
6.0878,214362.75
6.10648333333333,197627.28125
6.12515,228576.3125
6.14383333333333,217755.78125
6.1625,225104.15625
6.18116666666667,229118.65625
6.19985,235634.65625
6.21851666666667,232122.671875
6.2372,231837.3125
6.25586666666667,225668.921875
6.27453333333333,190905.78125
6.29321666666667,214611.296875
6.31188333333333,208779.796875
6.33055,196490.546875
6.34923333333333,191292.15625
6.3679,200739.28125
6.38658333333333,204611.65625
6.40525,194530.53125
6.42391666666667,188316.296875
6.4426,207694.453125
6.46126666666667,199227.46875
6.47995,198380.328125
6.49861666666667,194773.25
6.51728333333333,194785.515625
6.53596666666667,199372.140625
6.55463333333333,191858.671875
6.5733,193186.96875
6.59198333333333,200605.953125
6.61065,190964.078125
6.62933333333333,196112.140625
6.648,196456.75
6.66666666666667,195537.046875
6.68535,197880.5
6.70401666666667,197729.5
6.7227,196810.40625
6.74136666666667,199207.8125
6.76003333333333,201267.921875
6.77871666666667,198959.8125
6.79738333333333,207217.515625
6.81606666666667,198692.890625
6.83473333333333,193828
6.8534,201419.21875
6.87208333333333,199128.515625
6.89075,201952.421875
6.90941666666667,195905.953125
6.9281,205010.515625
6.94676666666667,193672.828125
6.96545,194650.078125
6.98411666666667,200703.15625
7.00278333333333,194135.25
7.02146666666667,202492.21875
7.04013333333333,206553.78125
7.0588,204105.0625
7.07748333333333,200399.5
7.09615,206123.375
7.11483333333333,210086.171875
7.1335,199799.03125
7.15216666666667,194373.078125
7.17085,195373.1875
7.18951666666667,187766.40625
7.2082,194945.71875
7.22686666666667,203537.09375
7.24553333333333,195802.71875
7.26421666666667,193796.921875
7.28288333333333,195340.234375
7.30155,202907.390625
7.32023333333333,197196.71875
7.3389,200495.9375
7.35758333333333,200383.421875
7.37625,198545.78125
7.39491666666667,199813.5
7.4136,211044.25
7.43226666666667,206788.65625
7.45093333333333,203928.609375
7.46961666666667,206911.96875
7.48828333333333,200449.109375
7.50696666666667,203438.234375
7.52563333333333,203944.078125
7.5443,205713.65625
7.56298333333333,199409.78125
7.58165,203187.796875
7.60033333333333,204729.453125
7.619,195741.015625
7.63766666666667,193631.21875
7.65635,199414.140625
7.67501666666667,203365.21875
7.69368333333333,200640.4375
7.71236666666667,206365.09375
7.73103333333333,209239.390625
7.74971666666667,210170.578125
7.76838333333333,205413.59375
7.78705,202938.734375
7.80573333333333,207016.828125
7.8244,203285.8125
7.84308333333333,210954.375
7.86175,208516.328125
7.88041666666667,204438.390625
7.8991,197884.671875
7.91776666666667,207743.234375
7.93643333333333,212018.859375
7.95511666666667,211444.75
7.97378333333333,204462.609375
7.99246666666667,204460.75
8.01113333333333,207135.96875
8.0298,211753.8125
8.04848333333333,209194.109375
8.06715,218603.203125
8.08581666666667,211978.46875
8.1045,202213.328125
8.12316666666667,211497.5
8.14185,204870.0625
8.16051666666667,202111.953125
8.17918333333333,208753.9375
8.19786666666667,209837.09375
8.21653333333333,206653.359375
8.23521666666667,211378.78125
8.25388333333333,208090.953125
8.27255,208916.96875
8.29123333333333,209746.28125
8.3099,204372.640625
8.32858333333333,203564.9375
8.34725,204810.6875
8.36591666666667,211245.875
8.3846,207800.875
8.40326666666667,204243.015625
8.42193333333333,216402
8.44061666666667,208270.890625
8.45928333333333,206576.640625
8.47796666666667,220450.109375
8.49663333333333,212771.171875
8.5153,211982.046875
8.53398333333333,212309.15625
8.55265,208213.046875
8.57131666666667,213767.28125
8.59,207226.296875
8.60866666666667,206616.890625
8.62735,205724.578125
8.64601666666667,205009.015625
8.66468333333333,211930.21875
8.68336666666667,208922.046875
8.70203333333333,207063.109375
8.72071666666667,214591.671875
8.73938333333333,205726.9375
8.75805,209418.234375
8.77673333333333,206567.15625
8.7954,209426.5625
8.81406666666667,210527.28125
8.83275,206743.578125
8.85141666666667,204248.5
8.8701,208298.8125
8.88876666666667,205178.875
8.90743333333333,216289.421875
8.92611666666667,216098.875
8.94478333333333,205407.421875
8.96346666666667,210158.5625
8.98213333333333,213565.609375
9.0008,213110.03125
9.01948333333333,212202.578125
9.03815,215341
9.05681666666667,211851.71875
9.0755,207619.65625
9.09416666666667,202400.890625
9.11285,207244.375
9.13151666666667,204819.4375
9.15018333333333,206412.875
9.16886666666667,203195.671875
9.18753333333333,212938.46875
9.2062,211710.953125
9.22488333333333,212918.078125
9.24355,219113.515625
9.26223333333333,213993.390625
9.2809,211958.734375
9.29956666666667,207652.046875
9.31825,215065.203125
9.33691666666667,214750.5625
9.3556,209050.078125
9.37426666666667,211797.890625
9.39293333333333,217199.5
9.41161666666667,212974.71875
9.43028333333333,215450.328125
9.44895,208951.59375
9.46763333333333,207998.375
9.4863,212610.828125
9.50498333333333,216577.203125
9.52365,215104.515625
9.54231666666667,208347.609375
9.561,217234.078125
9.57966666666667,213075.234375
9.59833333333333,220824.0625
9.61701666666667,228397.03125
9.63568333333333,217430.84375
9.65436666666667,218937.65625
9.67303333333333,222655.140625
9.6917,227611.921875
9.71038333333333,222992.109375
9.72905,225127.3125
9.74773333333333,223528.640625
9.7664,227753.703125
9.78506666666667,223579.640625
9.80375,223407.859375
9.82241666666667,220685.328125
9.84108333333333,227739.921875
9.85976666666667,226401.59375
9.87843333333333,221980.25
9.89711666666667,217952.375
9.91578333333333,217903.421875
9.93445,219675.8125
9.95313333333333,213220.71875
9.9718,222499.640625
9.99046666666667,221461.0625
10.00915,217112.71875
10.0278166666667,222803.453125
10.0465,236231.453125
10.0651666666667,232398.46875
10.0838333333333,226566.28125
10.1025166666667,220601.796875
10.1211833333333,222534.234375
10.1398666666667,215293.828125
10.1585333333333,226935.359375
10.1772,226666.578125
10.1958833333333,230228.65625
10.21455,226376.359375
10.2332166666667,212971.921875
10.2519,212621.3125
10.2705666666667,222380.078125
10.28925,217430.875
10.3079166666667,208523.953125
10.3265833333333,209161.71875
10.3452666666667,209131.46875
10.3639333333333,211739.734375
10.3826166666667,206758.296875
10.4012833333333,200770.734375
10.41995,206170.4375
10.4386333333333,201638.859375
10.4573,205420.453125
10.4759666666667,211474.546875
10.49465,208703.578125
10.5133166666667,207592.78125
10.532,204444.234375
10.5506666666667,213662.28125
10.5693333333333,208448.859375
10.5880166666667,200037.28125
10.6066833333333,209432.078125
10.62535,204883.65625
10.6440333333333,205675.78125
10.6627,198373.078125
10.6813833333333,205081.296875
10.70005,210320.453125
10.7187166666667,195027.453125
10.7374,201870.921875
10.7560666666667,204186.796875
10.77475,203271.28125
10.7934166666667,208643.234375
10.8120833333333,207482.71875
10.8307666666667,206694.578125
10.8494333333333,201469.15625
10.8681166666667,210567.6875
10.8867833333333,215875.671875
10.90545,210367.015625
10.9241333333333,208375.234375
10.9428,210779.328125
10.9614666666667,213383.03125
10.98015,218680.71875
10.9988166666667,224719.5625
11.0175,215268.21875
11.0361666666667,208206.21875
11.0548333333333,205472.96875
11.0735166666667,204342.96875
11.0921833333333,207317.65625
11.11085,206553.875
11.1295333333333,207848.828125
11.1482,212789.46875
11.1668833333333,212010.25
11.18555,210170
11.2042166666667,207458.953125
11.2229,208290.21875
11.2415666666667,214460.8125
11.26025,206733.6875
11.2789166666667,215571.421875
11.2975833333333,208022.390625
11.3162666666667,213825.359375
11.3349333333333,215516.109375
11.3536,215680.515625
11.3722833333333,211717.09375
11.39095,211899.96875
11.4096333333333,212765.578125
11.4283,213896.453125
11.4469666666667,205873.109375
11.46565,207367.046875
11.4843166666667,208471.734375
11.5029833333333,219913.390625
11.5216666666667,210124
11.5403333333333,208765
11.5590166666667,212333.109375
11.5776833333333,211048.3125
11.59635,210126.078125
11.6150333333333,212484.390625
11.6337,220220.921875
11.6523833333333,210016.25
11.67105,208573.640625
11.6897166666667,210139.71875
11.7084,212046.25
11.7270666666667,211802.328125
11.7457333333333,207091.9375
11.7644166666667,212910.09375
11.7830833333333,214407.9375
11.8017666666667,213658.375
11.8204333333333,210017.8125
11.8391,210746.8125
11.8577833333333,222639.375
11.87645,209711.53125
11.8951333333333,204830.03125
11.9138,209163.671875
11.9324666666667,213983.953125
11.95115,211782.59375
11.9698166666667,210022.65625
11.9884833333333,211763.3125
12.0071666666667,211720.390625
12.0258333333333,208512.140625
12.0445166666667,230807.71875
12.0631833333333,232422.640625
12.08185,226535.734375
12.1005333333333,231632
12.1192,221382.78125
12.1378666666667,213952.609375
12.15655,222893.078125
12.1752166666667,223540.75
12.1939,215826.4375
12.2125666666667,218358.921875
12.2312333333333,220927.515625
12.2499166666667,218037.5
12.2685833333333,223347.203125
12.2872666666667,217938.53125
12.3059333333333,221773.171875
12.3246,215685.09375
12.3432833333333,220753.8125
12.36195,221106.8125
12.3806166666667,221771.21875
12.3993,214766.578125
12.4179666666667,217828.328125
12.43665,221124.234375
12.4553166666667,221685.921875
12.4739833333333,219399.0625
12.4926666666667,221952.65625
12.5113333333333,213273.5
12.53,216903.5625
12.5486833333333,218265.296875
12.56735,212055.578125
12.5860333333333,217320.796875
12.6047,217623.390625
12.6233666666667,214876.953125
12.64205,216232.234375
12.6607166666667,218817.328125
12.6794,227415.25
12.6980666666667,224910.359375
12.7167333333333,219965.015625
12.7354166666667,212488.890625
12.7540833333333,211785.9375
12.77275,216990.734375
12.7914333333333,214374.875
12.8101,222003.296875
12.8287833333333,220463.390625
12.84745,221962.109375
12.8661166666667,220002.46875
12.8848,220147.53125
12.9034666666667,228156.109375
12.9221333333333,227883.921875
12.9408166666667,219278.375
12.9594833333333,224055.234375
12.9781666666667,220000.015625
12.9968333333333,226169.140625
13.0155,217100.9375
13.0341833333333,224271.421875
13.05285,233116.125
13.0715333333333,229168.921875
13.0902,228551.875
13.1088666666667,233524.015625
13.12755,226579.953125
13.1462166666667,232422.515625
13.1648833333333,228450.984375
13.1835666666667,224795.390625
13.2022333333333,224511.0625
13.2209166666667,228659.09375
13.2395833333333,228315.4375
13.25825,225025.9375
13.2769333333333,229504.421875
13.2956,222458.703125
13.3142666666667,222426.65625
13.33295,222588.9375
13.3516166666667,230365.515625
13.3703,227747.5625
13.3889666666667,229281.640625
13.4076333333333,231169.359375
13.4263166666667,223423.15625
13.4449833333333,228244.3125
13.46365,236546.390625
13.4823333333333,232115.21875
13.501,229446.609375
13.5196833333333,233931.96875
13.53835,232982.15625
13.5570166666667,234602.03125
13.5757,227236.453125
13.5943666666667,223782.078125
13.6130333333333,222644.171875
13.6317166666667,225828.5
13.6503833333333,228591.46875
13.6690666666667,237163.921875
13.6877333333333,232807.4375
13.7064,233281.515625
13.7250833333333,226180.0625
13.74375,232372.46875
13.7624166666667,235453.375
13.7811,227999.75
13.7997666666667,229982.59375
13.81845,227214.609375
13.8371166666667,232276.53125
13.8557833333333,242159.578125
13.8744666666667,237978.671875
13.8931333333333,235947.53125
13.9118,230866.078125
13.9304833333333,234230.609375
13.94915,231506.25
13.9678333333333,236221.28125
13.9865,245215.796875
14.0051666666667,238985.96875
14.02385,242288.421875
14.0425166666667,239685.84375
14.0612,232319.671875
14.0798666666667,234463.453125
14.0985333333333,243801.75
14.1172166666667,238631.71875
14.1358833333333,235517.734375
14.15455,232549.3125
14.1732333333333,230545.421875
14.1919,235401.4375
14.2105833333333,233161.390625
14.22925,239600.34375
14.2479166666667,234707.796875
14.2666,226478.890625
14.2852666666667,232855.640625
14.3039333333333,229962.65625
14.3226166666667,226435.421875
14.3412833333333,241446.4375
14.35995,230812.34375
14.3786333333333,229870.640625
14.3973,232813.71875
14.4159833333333,228109
14.43465,224594.828125
14.4533166666667,234360.71875
14.472,233716.71875
14.4906666666667,225526.21875
14.50935,230653.21875
14.5280166666667,235101.578125
14.5466833333333,227710.078125
14.5653666666667,245497.65625
14.5840333333333,233964.03125
14.6027,233639.71875
14.6213833333333,239000.59375
14.64005,238524.296875
14.6587333333333,236476.890625
14.6774,228802.421875
14.6960666666667,233803.25
14.71475,236668.140625
14.7334166666667,234656.875
14.7520833333333,230623.640625
14.7707666666667,233692.515625
14.7894333333333,229185.5
14.8081166666667,234882.734375
14.8267833333333,238577.8125
14.84545,239348.640625
14.8641333333333,240913.515625
14.8828,241172.796875
14.9014666666667,244558.4375
14.92015,253386.375
14.9388166666667,246504.8125
14.9575,239824.625
14.9761666666667,240943
14.9948333333333,234601.296875
15.0135166666667,246793.421875
15.0321833333333,234216.171875
15.05085,238006.078125
15.0695333333333,242638.34375
15.0882,249332.125
15.1068833333333,246702.8125
15.12555,248567.5625
15.1442166666667,243967.140625
15.1629,237178.515625
15.1815666666667,237198.28125
15.2002333333333,235564.015625
15.2189166666667,234579.4375
15.2375833333333,238276.140625
15.2562666666667,239974.0625
15.2749333333333,241970.09375
15.2936,245601.234375
15.3122833333333,235873.09375
15.33095,246328.25
15.3496333333333,250794.359375
15.3683,243188.171875
15.3869666666667,239265.15625
15.40565,237566.71875
15.4243166666667,229942.46875
15.4429833333333,240560.34375
15.4616666666667,241091.953125
15.4803333333333,242412
15.499,239772.4375
15.5176833333333,244393.4375
15.53635,250462.71875
15.5550333333333,240637.28125
15.5737,241495.9375
15.5923666666667,235973.796875
15.61105,241868.484375
15.6297166666667,238859.484375
15.6483833333333,251594.4375
15.6670666666667,248595.203125
15.6857333333333,237496.484375
15.7044166666667,236137.65625
15.7230833333333,239893.921875
15.74175,255907.453125
15.7604333333333,238603.359375
15.7791,240919.0625
15.7977666666667,235930.796875
15.81645,237645.609375
15.8351166666667,247242.15625
15.8538,239262.171875
15.8724666666667,241118.734375
15.8911333333333,242672.78125
15.9098166666667,239681.5
15.9284833333333,240386.25
15.94715,246589.984375
15.9658333333333,247662.296875
15.9845,235232.96875
16.0031833333333,247571.921875
16.02185,249758.375
16.0405166666667,244745.390625
16.0592,250818.53125
16.0778666666667,250485.15625
16.0965333333333,243935.28125
16.1152166666667,242332.875
16.1338833333333,239175.375
16.1525666666667,235969.5
16.1712333333333,237624.640625
16.1899,237224.75
16.2085833333333,243757.515625
16.22725,244805.59375
16.2459166666667,240758.15625
16.2646,243319
16.2832666666667,238128.28125
16.30195,244155.65625
16.3206166666667,241432.53125
16.3392833333333,244113.84375
16.3579666666667,252954.703125
16.3766333333333,246467.5
16.3953,246481.9375
16.4139833333333,257116.515625
16.43265,243883.28125
16.4513333333333,240876.28125
16.47,246127.734375
16.4886666666667,246978.625
16.50735,252034.203125
16.5260166666667,252211.21875
16.5446833333333,248594.078125
16.5633666666667,244765.71875
16.5820333333333,242278.140625
16.6007166666667,243826.5625
16.6193833333333,247161.578125
16.63805,248342.5
16.6567333333333,245557.359375
16.6754,244718.8125
16.6940666666667,243903.5
16.71275,246179.140625
16.7314166666667,257986.703125
16.7501,249911.140625
16.7687666666667,240007.234375
16.7874333333333,246706.125
16.8061166666667,244136.03125
16.8247833333333,256770.234375
16.8434666666667,254683.359375
16.8621333333333,244987.3125
16.8808,250877.15625
16.8994833333333,258330.953125
16.91815,253729.0625
16.9368166666667,249614.15625
16.9555,245318.71875
16.9741666666667,244480.125
16.99285,256181.125
17.0115166666667,253401.640625
17.0301833333333,249147.765625
17.0488666666667,253278.15625
17.0675333333333,255496.09375
17.0862,260468.421875
17.1048833333333,245762.5
17.12355,255125.71875
17.1422333333333,243919.9375
17.1609,253029.171875
17.1795666666667,250740.3125
17.19825,247664.25
17.2169166666667,260332.484375
17.2355833333333,261866.671875
17.2542666666667,256799.578125
17.2729333333333,257540.15625
17.2916,254681.140625
17.3102833333333,248124.875
17.32895,256975.28125
17.3476333333333,260925.9375
17.3663,263886.78125
17.3849666666667,256667.9375
17.40365,263568.3125
17.4223166666667,271384.96875
17.4409833333333,263558.125
17.4596666666667,261245.953125
17.4783333333333,263661.25
17.4970166666667,265907.25
17.5156833333333,277725.3125
17.53435,272229.03125
17.5530333333333,267019.53125
17.5717,270777.53125
17.5903666666667,271518.125
17.60905,281009.53125
17.6277166666667,277102.53125
17.6464,268485.25
17.6650666666667,273884.375
17.6837333333333,269981.5625
17.7024166666667,268926.8125
17.7210833333333,269208.34375
17.73975,281738.6875
17.7584333333333,263616.8125
17.7771,251176.4375
17.7957833333333,272108.875
17.81445,260874.421875
17.8331166666667,273497.375
17.8518,275431.375
17.8704666666667,270464.375
17.8891333333333,274515.6875
17.9078166666667,268833.3125
17.9264833333333,271235.65625
17.94515,279596.9375
17.9638333333333,283759.8125
17.9825,275832
18.0011833333333,282324.75
18.01985,280593.03125
18.0385166666667,285297.84375
18.0572,284105.375
18.0758666666667,276135.6875
18.0945333333333,277921.0625
18.1132166666667,282152.84375
18.1318833333333,293103
18.1505666666667,283646.8125
18.1692333333333,284661.25
18.1879,283896.28125
18.2065833333333,282912.15625
18.22525,285361.15625
18.2439166666667,281258.21875
18.2626,273099.28125
18.2812666666667,266948.4375
18.29995,273806.6875
18.3186166666667,281885.5625
18.3372833333333,282901.78125
18.3559666666667,272923.875
18.3746333333333,272124.125
18.3933,279400.375
18.4119833333333,276211.84375
18.43065,273742.5625
18.4493166666667,275083.75
18.468,272502.75
18.4866666666667,276249.40625
18.50535,274359.40625
18.5240166666667,272092.75
18.5426833333333,282528.96875
18.5613666666667,279539.625
18.5800333333333,273338.6875
18.5987,272838.46875
18.6173833333333,279897.09375
18.63605,273615.53125
18.6547333333333,269932.46875
18.6734,284086.46875
18.6920666666667,288426.46875
18.71075,276334.53125
18.7294166666667,274254.65625
18.7480833333333,266854.40625
18.7667666666667,270013.625
18.7854333333333,271277.125
18.8041166666667,282335.15625
18.8227833333333,286646.34375
18.84145,280949.75
18.8601333333333,273987.125
18.8788,279930.84375
18.8974666666667,265815.0625
18.91615,266235.6875
18.9348166666667,269532.5
18.9535,274234.03125
18.9721666666667,284277.90625
18.9908333333333,280835.03125
19.0095166666667,269317.46875
19.0281833333333,267772.75
19.04685,271199.71875
19.0655333333333,283204.25
19.0842,278064.5
19.1028666666667,281128.625
19.12155,281585.03125
19.1402166666667,274503.21875
19.1589,277207.6875
19.1775666666667,280399.3125
19.1962333333333,273866.625
19.2149166666667,277922.96875
19.2335833333333,281952.8125
19.25225,271420.375
19.2709333333333,272279.78125
19.2896,282471.09375
19.3082833333333,284092.53125
19.32695,278008.84375
19.3456166666667,277560.71875
19.3643,274245.65625
19.3829666666667,284123.21875
19.4016333333333,283823.25
19.4203166666667,277953.15625
19.4389833333333,275885.03125
19.4576666666667,288803.65625
19.4763333333333,272489.28125
19.495,278563.125
19.5136833333333,280514.1875
19.53235,276182.53125
19.5510166666667,276268.53125
19.5697,284843.03125
19.5883666666667,283481.40625
19.60705,279096.1875
19.6257166666667,279207.625
19.6443833333333,276008.8125
19.6630666666667,285019.84375
19.6817333333333,281736.5625
19.7004,284980.21875
19.7190833333333,283043
19.73775,279850.84375
19.7564333333333,290456.625
19.7751,273872.78125
19.7937666666667,283392.375
19.81245,273717.375
19.8311166666667,279888.40625
19.8497833333333,282044.40625
19.8684666666667,286349.53125
19.8871333333333,283271.625
19.9058166666667,279188.5
19.9244833333333,273596.46875
19.94315,277766.4375
19.9618333333333,286594.1875
19.9805,272833.09375
19.9991666666667,284747.25
20.01785,273332.3125
20.0365166666667,281669.0625
20.0551833333333,288704.3125
20.0738666666667,275272.53125
20.0925333333333,272558.03125
20.1112166666667,280993.1875
20.1298833333333,283126.6875
20.14855,279481.75
20.1672333333333,274510.78125
20.1859,285108.40625
20.2045666666667,290210.6875
20.22325,282162.90625
20.2419166666667,289704.59375
20.2606,284549.65625
20.2792666666667,285854.03125
20.2979333333333,290893.53125
20.3166166666667,293114.3125
20.3352833333333,297212.4375
20.35395,291683.3125
20.3726333333333,292145.125
20.3913,298502.59375
20.4099833333333,283260.75
20.42865,295317.21875
20.4473166666667,295195.0625
20.466,288100.3125
20.4846666666667,290299.875
20.5033333333333,285351.25
20.5220166666667,287322.46875
20.5406833333333,303482.78125
20.5593666666667,301015.03125
20.5780333333333,287688.40625
20.5967,290135.4375
20.6153833333333,294004.65625
20.63405,301769.65625
20.6527166666667,303719.1875
20.6714,308009.5
20.6900666666667,305211.5625
20.70875,298285.96875
20.7274166666667,298990.6875
20.7460833333333,294900.5
20.7647666666667,290165.4375
20.7834333333333,286861.90625
20.8021,303523
20.8207833333333,305214.8125
20.83945,298244.65625
20.8581333333333,300116.375
20.8768,298067.75
20.8954666666667,294149.4375
20.91415,298278.25
20.9328166666667,300203.09375
20.9514833333333,299692.53125
20.9701666666667,296463.65625
20.9888333333333,292909.71875
21.0075,294678.15625
21.0261833333333,304650.59375
21.04485,301653.75
21.0635333333333,294912.5625
21.0822,304774
21.1008666666667,302280.625
21.11955,300328.3125
21.1382166666667,306901.625
21.1568833333333,302475.09375
21.1755666666667,303015.8125
21.1942333333333,304227.03125
21.2129166666667,302849.53125
21.2315833333333,306550.96875
21.25025,303416.46875
21.2689333333333,292892.125
21.2876,301475.90625
21.3062666666667,295115.46875
21.32495,290930.875
21.3436166666667,289405.40625
21.3622833333333,297998.75
21.3809666666667,301881.40625
21.3996333333333,304018.90625
21.4183166666667,303464.53125
21.4369833333333,284624.0625
21.45565,305146.25
21.4743333333333,286750.34375
21.493,295193.6875
21.5116666666667,293326.09375
21.53035,305123.65625
21.5490166666667,295898.25
21.5676833333333,305499.75
21.5863666666667,315088.375
21.6050333333333,305324.8125
21.6237166666667,306364.53125
21.6423833333333,302389.96875
21.66105,311230.09375
21.6797333333333,302624.8125
21.6984,308372.4375
21.7170666666667,294601.71875
21.73575,304362.8125
21.7544166666667,302466.21875
21.7731,307547.1875
21.7917666666667,307613.125
21.8104333333333,304461.03125
21.8291166666667,297668.3125
21.8477833333333,299734.90625
21.86645,303490.78125
21.8851333333333,306173.59375
21.9038,310978.46875
21.9224833333333,306311.5625
21.94115,308536.1875
21.9598166666667,320549.84375
21.9785,316693.75
21.9971666666667,327612.28125
22.0158333333333,321611.3125
22.0345166666667,312067.28125
22.0531833333333,329162
22.07185,321316.03125
22.0905333333333,328866.15625
22.1092,317561.875
22.1278833333333,319230.8125
22.14655,332760.875
22.1652166666667,347709.625
22.1839,344834.125
22.2025666666667,332942.375
22.2212333333333,330569.65625
22.2399166666667,330384.84375
22.2585833333333,340524.71875
22.27725,325335.25
22.2959333333333,327482.9375
22.3146,315032.28125
22.3332833333333,328463.03125
22.35195,312451.125
22.3706166666667,304036.46875
22.3893,312039.90625
22.4079666666667,307140.53125
22.4266333333333,310654.46875
22.4453166666667,311660.375
22.4639833333333,300220.125
22.4826666666667,310458.8125
22.5013333333333,312100.9375
22.52,310912.875
22.5386833333333,310231.4375
22.55735,307291.125
22.5760166666667,312853.4375
22.5947,295699.5
22.6133666666667,299900.09375
22.6320333333333,308815.96875
22.6507166666667,305534.625
22.6693833333333,304178.125
22.6880666666667,313140.46875
22.7067333333333,294794.625
22.7254,306218
22.7440833333333,296497.46875
22.76275,297915.53125
22.7814166666667,289318.84375
22.8001,301707.15625
22.8187666666667,302127.15625
22.8374333333333,305941.375
22.8561166666667,296600.15625
22.8747833333333,300531.1875
22.8934666666667,322419.75
22.9121333333333,297637.15625
22.9308,290573.625
22.9494833333333,295764.40625
22.96815,302067.375
22.9868166666667,298407.90625
23.0055,290798.1875
23.0241666666667,301332.40625
23.04285,300076.65625
23.0615166666667,292565.3125
23.0801833333333,293327.5
23.0988666666667,291174.59375
23.1175333333333,293326.40625
23.1362,295218.4375
23.1548833333333,298977.46875
23.17355,298262.53125
23.1922333333333,298566.46875
23.2109,301114.90625
23.2295666666667,302086.90625
23.24825,295921.5625
23.2669166666667,298944.3125
23.2855833333333,299484.96875
23.3042666666667,291012.09375
23.3229333333333,310482.9375
23.3416,303318.46875
23.3602833333333,303626.96875
23.37895,294846.4375
23.3976333333333,300528.84375
23.4163,301453.125
23.4349666666667,295688.53125
23.45365,305158.1875
23.4723166666667,300740.3125
23.4909833333333,295411.40625
23.5096666666667,298128.0625
23.5283333333333,310110.3125
23.5470166666667,307684.46875
23.5656833333333,316251.65625
23.58435,304018.59375
23.6030333333333,303615.96875
23.6217,308635.09375
23.6403666666667,310793.6875
23.65905,318152.3125
23.6777166666667,309097.1875
23.6963833333333,304445.78125
23.7150666666667,312671.90625
23.7337333333333,300585.46875
23.7524166666667,303243.09375
23.7710833333333,308967.96875
23.78975,303537.40625
23.8084333333333,303086.84375
23.8271,296676.59375
23.8457666666667,309046.03125
23.86445,315899.75
23.8831166666667,313519.03125
23.9017833333333,309970.5
23.9204666666667,297447.34375
23.9391333333333,299702.40625
23.9578166666667,308902.21875
23.9764833333333,306151.1875
23.99515,311542.25
24.0138333333333,308778.8125
24.0325,307494.0625
24.0511666666667,307963.84375
24.06985,310446.75
24.0885166666667,312048.625
24.1072,324357.21875
24.1258666666667,309418.875
24.1445333333333,319912.75
24.1632166666667,315443.8125
24.1818833333333,314932.4375
24.20055,300385.09375
24.2192333333333,306532.28125
24.2379,305878.53125
24.2565833333333,312166.09375
24.27525,317418.5
24.2939166666667,308332.34375
24.3126,318689.15625
24.3312666666667,312562
24.3499333333333,312688.875
24.3686166666667,314204.75
24.3872833333333,312671.03125
24.40595,309778.59375
24.4246333333333,310135.25
24.4433,321116.09375
24.4619833333333,330771.15625
24.48065,318735.15625
24.4993166666667,320714.625
24.518,315971.09375
24.5366666666667,320802.09375
24.5553333333333,341031.09375
24.5740166666667,314524.46875
24.5926833333333,314949.09375
24.61135,319081.4375
24.6300333333333,319167.59375
24.6487,320204.59375
24.6673833333333,316946.375
24.68605,308301.40625
24.7047166666667,314811.3125
24.7234,306677.71875
24.7420666666667,316277.8125
24.7607333333333,324533.75
24.7794166666667,313089.375
24.7980833333333,316924.625
24.8167666666667,318133.90625
24.8354333333333,314678.78125
24.8541,334821.4375
24.8727833333333,307443.96875
24.89145,314368.90625
24.9101166666667,311583.28125
24.9288,319941.75
24.9474666666667,315024.625
24.9661333333333,309616.53125
24.9848166666667,309653.9375
25.0034833333333,316423.53125
25.0221666666667,328105.09375
25.0408333333333,313147.1875
25.0595,316871.96875
25.0781833333333,316395.34375
25.09685,328512.625
25.1155166666667,329469.78125
25.1342,319974.6875
25.1528666666667,313746.09375
25.1715333333333,319228.9375
25.1902166666667,328741.09375
25.2088833333333,333614.40625
25.2275666666667,326101.875
25.2462333333333,322463.8125
25.2649,341221.75
25.2835833333333,323788.65625
25.30225,334708.09375
25.3209166666667,343469.1875
25.3396,327168.875
25.3582666666667,342895.40625
25.3769333333333,342236.03125
25.3956166666667,331593.25
25.4142833333333,341497.1875
25.4329666666667,342474.4375
25.4516333333333,348338.875
25.4703,337157.0625
25.4889833333333,343225.65625
25.50765,344103.65625
25.5263166666667,354884.5
25.545,331916.46875
25.5636666666667,331350.40625
25.5823333333333,342772.78125
25.6010166666667,329711.25
25.6196833333333,322765.03125
25.6383666666667,341301.75
25.6570333333333,328968.09375
25.6757,336771.5625
25.6943833333333,334280.375
25.71305,333818.25
25.7317166666667,334402.15625
25.7504,336802.3125
25.7690666666667,353812.53125
25.7877333333333,334456.09375
25.8064166666667,335126.25
25.8250833333333,335491.125
25.8437666666667,345629.09375
25.8624333333333,347326.625
25.8811,346090.9375
25.8997833333333,352288
25.91845,353592.09375
25.9371166666667,350616.90625
25.9558,342919.65625
25.9744666666667,345510.59375
25.99315,347420.625
26.0118166666667,344800.65625
26.0304833333333,344701.34375
26.0491666666667,342859.5625
26.0678333333333,344329.96875
26.0865,343743.375
26.1051833333333,334374.375
26.12385,334701.625
26.1425166666667,341141.03125
26.1612,352074.3125
26.1798666666667,338867.75
26.19855,329572.03125
26.2172166666667,347354.21875
26.2358833333333,340445.4375
26.2545666666667,336394.59375
26.2732333333333,342526.3125
26.2919,336204.15625
26.3105833333333,338965.9375
26.32925,348848.75
26.3479166666667,345917.9375
26.3666,338032.90625
26.3852666666667,347625.3125
26.40395,348915.75
26.4226166666667,332751.1875
26.4412833333333,342689.09375
26.4599666666667,346044.84375
26.4786333333333,358977.03125
26.4973,351340.75
26.5159833333333,350077.09375
26.53465,353676.84375
26.5533333333333,345925.9375
26.572,350775.21875
26.5906666666667,356828.46875
26.60935,374029.71875
26.6280166666667,378636.40625
26.6466833333333,369860.34375
26.6653666666667,384631.375
26.6840333333333,374342.46875
26.7027,369541.96875
26.7213833333333,364822.15625
26.74005,359454.21875
26.7587333333333,350631.4375
26.7774,356286.53125
26.7960666666667,368481.8125
26.81475,362241.78125
26.8334166666667,350242.65625
26.8520833333333,349220.53125
26.8707666666667,363389.25
26.8894333333333,363043.875
26.9081,346767.5
26.9267833333333,353662.84375
26.94545,355774.21875
26.9641166666667,355971.96875
26.9828,350920.875
27.0014666666667,355997.21875
27.02015,354214.8125
27.0388166666667,356381.59375
27.0574833333333,355072.3125
27.0761666666667,348402.75
27.0948333333333,362864.8125
27.1135,349729.65625
27.1321833333333,354084.125
27.15085,366358.21875
27.1695166666667,352414.375
27.1882,357835.96875
27.2068666666667,357848.15625
27.2255333333333,358732.4375
27.2442166666667,360636.875
27.2628833333333,354445.875
27.2815666666667,357503.875
27.3002333333333,361702.71875
27.3189,361131.5
27.3375833333333,345867.03125
27.35625,347804.53125
27.3749166666667,348206.125
27.3936,366464.09375
27.4122666666667,381586.78125
27.4309333333333,364222.875
27.4496166666667,365962.3125
27.4682833333333,369841.5
27.4869666666667,367214.15625
27.5056333333333,373927
27.5243,366881.59375
27.5429833333333,363511.15625
27.56165,366593.15625
27.5803166666667,352261.78125
27.599,354611.96875
27.6176666666667,367171.125
27.63635,356238.46875
27.6550166666667,357225.25
27.6736833333333,358025.5
27.6923666666667,366784.875
27.7110333333333,363150.65625
27.7297,365475.875
27.7483833333333,366091.71875
27.76705,365101.59375
27.7857166666667,377000.46875
27.8044,369752.4375
27.8230666666667,356563.53125
27.84175,355878.1875
27.8604166666667,362004.71875
27.8790833333333,367257.09375
27.8977666666667,369101.03125
27.9164333333333,370398.78125
27.9351,361586.3125
27.9537833333333,382920.21875
27.97245,387722.71875
27.9911166666667,382478.03125
28.0098,369302.5625
28.0284666666667,384337.25
28.04715,366487.75
28.0658166666667,370066.5
28.0844833333333,367695.25
28.1031666666667,374341.375
28.1218333333333,375451.96875
28.1405,372884.28125
28.1591833333333,375474.9375
28.17785,367595.3125
28.1965166666667,370627.1875
28.2152,381576.125
28.2338666666667,384806.75
28.2525333333333,376489.125
28.2712166666667,374365.9375
28.2898833333333,379316.5625
28.3085666666667,396836.71875
28.3272333333333,385752.3125
28.3459,387669.21875
28.3645833333333,377681.8125
28.38325,376114.59375
28.4019166666667,375461.3125
28.4206,390957.4375
28.4392666666667,391124.0625
28.4579333333333,396817.0625
28.4766166666667,371663.28125
28.4952833333333,394915.5
28.5139666666667,387552.3125
28.5326333333333,378532.46875
28.5513,384129.34375
28.5699833333333,386476.53125
28.58865,377565.5
28.6073166666667,387213.75
28.626,375340.71875
28.6446666666667,368496
28.6633333333333,367889.59375
28.6820166666667,383887.1875
28.7006833333333,389078.21875
28.7193666666667,386340.25
28.7380333333333,382257.3125
28.7567,390995.40625
28.7753833333333,399417.21875
28.79405,392944.5625
28.8127166666667,390629.5625
28.8314,385094.78125
28.8500666666667,400990.28125
28.86875,388805.71875
28.8874166666667,385819.25
28.9060833333333,381361.375
28.9247666666667,389951.375
28.9434333333333,393770.34375
28.9621,389830
28.9807833333333,390947.84375
28.99945,394512.4375
29.0181166666667,405060.53125
29.0368,389231.71875
29.0554666666667,396719.15625
29.07415,397233.90625
29.0928166666667,414987.6875
29.1114833333333,395549.375
29.1301666666667,389144.5625
29.1488333333333,409407.84375
29.1675,386109.21875
29.1861833333333,394185.84375
29.20485,406329.6875
29.2235166666667,392712
29.2422,405605.34375
29.2608666666667,402740.40625
29.27955,413641.65625
29.2982166666667,417563.84375
29.3168833333333,467210.9375
29.3355666666667,468147.03125
29.3542333333333,506190.15625
29.3729,523608.09375
29.3915833333333,539469.9375
29.41025,553642.9375
29.4289166666667,561545.75
29.4476,524613.75
29.4662666666667,527617.75
29.4849333333333,490622.0625
29.5036166666667,483281.59375
29.5222833333333,469406.5625
29.5409666666667,455131.1875
29.5596333333333,451190.84375
29.5783,452595.78125
29.5969833333333,452624.5625
29.61565,457988
29.6343166666667,454754.5
29.653,443970.6875
29.6716666666667,437025.0625
29.6903333333333,445765.9375
29.7090166666667,444351.0625
29.7276833333333,445281.1875
29.7463666666667,437127.65625
29.7650333333333,418460.78125
29.7837,442337.875
29.8023833333333,427472.15625
29.82105,430988.15625
29.8397166666667,453393.71875
29.8584,434221.21875
29.8770666666667,425030.71875
29.8957333333333,427150.4375
29.9144166666667,417274.21875
29.9330833333333,425791.5625
29.9517666666667,436800.5625
29.9704333333333,436556.34375
29.9891,422133.9375
30.0077833333333,426285.09375
30.02645,438664.375
30.0451166666667,433097.03125
30.0638,440570.34375
30.0824666666667,443519.125
30.1011333333333,433329
30.1198166666667,416464.625
30.1384833333333,422724.28125
30.15715,434101.65625
30.1758333333333,432477.46875
30.1945,428857.46875
30.2131833333333,426763.0625
30.23185,427878.84375
30.2505166666667,430632.15625
30.2692,433361
30.2878666666667,431225.09375
30.3065333333333,437901
30.3252166666667,438249.96875
30.3438833333333,437467
30.36255,432982.84375
30.3812333333333,432115.78125
30.3999,429321.5625
30.4185666666667,431207.375
30.43725,424883.71875
30.4559166666667,442219.5625
30.4746,425190.3125
30.4932666666667,424239.84375
30.5119333333333,444036.78125
30.5306166666667,428190.84375
30.5492833333333,439707.6875
30.56795,418034.125
30.5866333333333,440075.28125
30.6053,424838.34375
30.6239666666667,428996.9375
30.64265,426706.21875
30.6613166666667,420112.75
30.68,436260.40625
30.6986666666667,436527.53125
30.7173333333333,425860.0625
30.7360166666667,436516.71875
30.7546833333333,437622.15625
30.77335,451417.9375
30.7920333333333,453135.6875
30.8107,430718.0625
30.8293666666667,434280.46875
30.84805,441236.96875
30.8667166666667,457349.9375
30.8853833333333,445511.34375
30.9040666666667,455997.25
30.9227333333333,449962.0625
30.9414166666667,427229.53125
30.9600833333333,452545.46875
30.97875,435447.09375
30.9974333333333,433675.84375
31.0161,430266.90625
31.0347666666667,451427.9375
31.05345,444846.5
31.0721166666667,450141.5625
31.0907833333333,431259.9375
31.1094666666667,448395.34375
31.1281333333333,456127.1875
31.1468,440077.8125
31.1654833333333,450021.5
31.18415,434553.28125
31.2028333333333,450139.96875
31.2215,465587.90625
31.2401666666667,443351.78125
31.25885,448801.46875
31.2775166666667,434627.21875
31.2961833333333,446776.84375
31.3148666666667,439069.84375
31.3335333333333,455664.65625
31.3522,457001.46875
31.3708833333333,443469.1875
31.38955,436098.625
31.4082333333333,442461.59375
31.4269,439803.34375
31.4455666666667,446187.40625
31.46425,448812.3125
31.4829166666667,434792.90625
31.5015833333333,435504.0625
31.5202666666667,453814.625
31.5389333333333,449402.21875
31.5576,452004.0625
31.5762833333333,433068.6875
31.59495,440874
31.6136333333333,444216.6875
31.6323,438361.40625
31.6509666666667,441988.4375
31.66965,436929.65625
31.6883166666667,437401.25
31.7069833333333,468600.3125
31.7256666666667,453668.90625
31.7443333333333,438757.0625
31.763,451166.8125
31.7816833333333,437715.125
31.80035,450086.15625
31.8190166666667,455335.25
31.8377,461162.96875
31.8563666666667,452290.9375
31.87505,457897.71875
31.8937166666667,437640.5625
31.9123833333333,445503.90625
31.9310666666667,454628.46875
31.9497333333333,451424.40625
31.9684,457915.1875
31.9870833333333,450516.34375
32.00575,440192.21875
32.0244166666667,448046.0625
32.0431,437439.84375
32.0617666666667,448848.4375
32.0804333333333,445753.90625
32.0991166666667,441498.09375
32.1177833333333,463356.40625
32.13645,428823.59375
32.1551333333333,448413.5
32.1738,450035.5625
32.1924833333333,444821.78125
32.21115,441163.71875
32.2298166666667,452211.5625
32.2485,442663.53125
32.2671666666667,453768.53125
32.2858333333333,441905.34375
32.3045166666667,443600.4375
32.3231833333333,451528.0625
32.3418666666667,451895.28125
32.3605333333333,449186.1875
32.3792,435780.21875
32.3978833333333,442031.0625
32.41655,456026.9375
32.4352166666667,453588.15625
32.4539,465631.4375
32.4725666666667,442918.65625
32.4912333333333,450216.59375
32.5099166666667,450492.9375
32.5285833333333,446591.8125
32.54725,455899.0625
32.5659333333333,444276.65625
32.5846,442621.71875
32.6032833333333,439002.15625
32.62195,438602.21875
32.6406166666667,437071.9375
32.6593,436526.625
32.6779666666667,439222.5
32.6966333333333,434203.875
32.7153166666667,434219.09375
32.7339833333333,434967.375
32.75265,448219.75
32.7713333333333,455272.03125
32.79,441058.9375
32.8086666666667,442478.875
32.82735,446646.625
32.8460166666667,446258.375
32.8647,454365.4375
32.8833666666667,463119.3125
32.9020333333333,449949.4375
32.9207166666667,464216.46875
32.9393833333333,492429.78125
32.95805,461961
32.9767333333333,461605.09375
32.9954,439437.03125
33.0140666666667,417544.0625
33.03275,409156.9375
33.0514166666667,388422.59375
33.0701,382729.28125
33.0887666666667,371248.6875
33.1074333333333,368069.4375
33.1261166666667,373598.34375
33.1447833333333,365471.875
33.16345,359559.21875
33.1821333333333,349732.96875
33.2008,355949.4375
33.2194666666667,352017.9375
33.23815,364767.6875
33.2568166666667,369333.5625
33.2755,348713.34375
33.2941666666667,357435.1875
33.3128333333333,360636.71875
33.3315166666667,350095.4375
33.3501833333333,354046.4375
33.36885,359507.03125
33.3875333333333,354931.125
33.4062,359990.625
33.4248666666667,352335.03125
33.44355,363207.375
33.4622166666667,352600.625
33.4808833333333,360697.9375
33.4995666666667,356472.65625
33.5182333333333,364963.90625
33.5369166666667,360193.875
33.5555833333333,360784.3125
33.57425,354215.15625
33.5929333333333,359123.4375
33.6116,378766.46875
33.6302666666667,378721.90625
33.64895,385617.875
33.6676166666667,384425.8125
33.6862833333333,394188.90625
33.7049666666667,407507.0625
33.7236333333333,388034.5
33.7423,377457.59375
33.7609833333333,363999.96875
33.77965,366193.6875
33.7983166666667,371831.25
33.817,356969.53125
33.8356666666667,358722.625
33.85435,350558.21875
33.8730166666667,355344.03125
33.8916833333333,351624
33.9103666666667,355022.15625
33.9290333333333,353856.78125
33.9477,360152.53125
33.9663833333333,366570.625
33.98505,355254.21875
34.0037166666667,357073.71875
34.0224,367468.3125
34.0410666666667,361500.3125
34.0597333333333,360902
34.0784166666667,359031.59375
34.0970833333333,357456
34.1157666666667,352028.53125
34.1344333333333,350583.625
34.1531,363464.03125
34.1717833333333,359789.3125
34.19045,352662
34.2091166666667,352258.65625
34.2278,346656.96875
34.2464666666667,359454.25
34.2651333333333,368638.71875
34.2838166666667,353816.65625
34.3024833333333,355315.46875
34.32115,355019.6875
34.3398333333333,355561.90625
34.3585,349860.15625
34.3771833333333,360894.4375
34.39585,360046.59375
34.4145166666667,364395.8125
34.4332,358158
34.4518666666667,362295.25
34.4705333333333,352998.84375
34.4892166666667,359187.5625
34.5078833333333,359994.84375
34.52655,341772.71875
34.5452333333333,354120.6875
34.5639,362579.71875
34.5825833333333,348192.0625
34.60125,349698.15625
34.6199166666667,348154.46875
34.6386,354232.4375
34.6572666666667,341654.4375
34.6759333333333,352677.375
34.6946166666667,350124.28125
34.7132833333333,361147.0625
34.73195,364802.125
34.7506333333333,356497.4375
34.7693,377518.59375
34.7879666666667,368238.34375
34.80665,349748.96875
34.8253166666667,349930.15625
34.844,359195.21875
34.8626666666667,357316
34.8813333333333,365370.8125
34.9000166666667,358747.59375
34.9186833333333,344393.75
34.93735,348641.75
34.9560333333333,361507.3125
34.9747,360972.90625
34.9933666666667,359626.375
35.01205,352850.4375
35.0307166666667,355380.53125
35.0494,353204.78125
35.0680666666667,354828.03125
35.0867333333333,360247.5
35.1054166666667,356368.03125
35.1240833333333,353762.1875
35.14275,352158.46875
35.1614333333333,367406.21875
35.1801,360025.34375
35.1987666666667,370946.625
35.21745,356067.875
35.2361166666667,373385.4375
35.2547833333333,374152.5
35.2734666666667,361009.0625
35.2921333333333,359624.21875
35.3108166666667,372454.46875
35.3294833333333,360915.25
35.34815,361865.21875
35.3668333333333,350389.65625
35.3855,364590.03125
35.4041666666667,364681.625
35.42285,349385.9375
35.4415166666667,355060.46875
35.4601833333333,364518.53125
35.4788666666667,359344.15625
35.4975333333333,361621.59375
35.5162,357682.8125
35.5348833333333,362201.75
35.55355,357834.53125
35.5722333333333,359414.8125
35.5909,364734.875
35.6095666666667,360764.15625
35.62825,363251.875
35.6469166666667,364441
35.6655833333333,358096.875
35.6842666666667,355148.34375
35.7029333333333,370234.71875
35.7216,359232.84375
35.7402833333333,372951.53125
35.75895,370069.875
35.7776333333333,350413.34375
35.7963,359117.4375
35.8149666666667,371476.96875
35.83365,356027.75
35.8523166666667,359244.5
35.8709833333333,366595.71875
35.8896666666667,362495.28125
35.9083333333333,378036.28125
35.927,373287.21875
35.9456833333333,371705.1875
35.96435,368094.46875
35.9830166666667,366558.5
36.0017,363572
36.0203666666667,381672
36.0390333333333,368777.375
36.0577166666667,368171.65625
36.0763833333333,355041.8125
36.0950666666667,370513.5625
36.1137333333333,371756.75
36.1324,359333.4375
36.1510833333333,386084.84375
36.16975,367023.15625
36.1884166666667,363058.21875
36.2071,358596.65625
36.2257666666667,366716.96875
36.2444333333333,367520.625
36.2631166666667,381596.5
36.2817833333333,369835.8125
36.30045,380278
36.3191333333333,367741.21875
36.3378,363996.875
36.3564666666667,367631.125
36.37515,360067.8125
36.3938166666667,387785.71875
36.4125,369659.15625
36.4311666666667,364252.875
36.4498333333333,376986.9375
36.4685166666667,359130.9375
36.4871833333333,369139.59375
36.50585,373978.84375
36.5245333333333,378907.96875
36.5432,360609.125
36.5618666666667,360394.15625
36.58055,358736.0625
36.5992166666667,369362.65625
36.6178833333333,376328.9375
36.6365666666667,377342.1875
36.6552333333333,373103.96875
36.6739,365663.53125
36.6925833333333,379952.71875
36.71125,367891.125
36.7299333333333,372566.875
36.7486,371759.375
36.7672666666667,375419.5
36.78595,365142.9375
36.8046166666667,378775.875
36.8232833333333,374322
36.8419666666667,375351.15625
36.8606333333333,396254.125
36.8793,376711.96875
36.8979833333333,370180.625
36.91665,375578.71875
36.9353166666667,370712.21875
36.954,370050.21875
36.9726666666667,387463.3125
36.99135,389434.28125
37.0100166666667,385740.65625
37.0286833333333,378778.5
37.0473666666667,381707.5625
37.0660333333333,388289.9375
37.0847,385622.75
37.1033833333333,384359.28125
37.12205,374138.90625
37.1407166666667,399325.375
37.1594,394902.5625
37.1780666666667,387148.4375
37.1967333333333,395540.4375
37.2154166666667,395237.5625
37.2340833333333,399538.78125
37.25275,399795.15625
37.2714333333333,404178.0625
37.2901,401054.40625
37.3087833333333,410006.5
37.32745,389188.0625
37.3461166666667,397946.15625
37.3648,391815.375
37.3834666666667,391756.0625
37.4021333333333,386755.5625
37.4208166666667,395063.5
37.4394833333333,377218.53125
37.45815,386686.21875
37.4768333333333,395063
37.4955,410131.28125
37.5141666666667,398505.5625
37.53285,387395.4375
37.5515166666667,397672.5
37.5701833333333,391845.0625
37.5888666666667,389000.5
37.6075333333333,386344.15625
37.6262,383221.9375
37.6448833333333,396053.40625
37.66355,387515.3125
37.6822333333333,393588.15625
37.7009,389692.75
37.7195666666667,402755.21875
37.73825,381978.5625
37.7569166666667,389651.53125
37.7755833333333,395529.46875
37.7942666666667,403532.125
37.8129333333333,387929.78125
37.8316,392130.21875
37.8502833333333,384198.0625
37.86895,379984.3125
37.8876166666667,385142
37.9063,385275.25
37.9249666666667,385155.3125
37.9436333333333,387508.09375
37.9623166666667,383322
37.9809833333333,387914.5625
37.9996666666667,394573.8125
38.0183333333333,395917.625
38.037,397708.4375
38.0556833333333,384357.125
38.07435,404391
38.0930166666667,402956.875
38.1117,407563.0625
38.1303666666667,400560.84375
38.1490333333333,409109.6875
38.1677166666667,402926.6875
38.1863833333333,395282.4375
38.20505,408998.9375
38.2237333333333,391998.375
38.2424,383174.6875
38.2610666666667,375793.9375
38.27975,388456.0625
38.2984166666667,393559.09375
38.3170833333333,394546.6875
38.3357666666667,397023.875
38.3544333333333,400571.78125
38.3731166666667,409304.71875
38.3917833333333,400674.71875
38.41045,402940.3125
38.4291333333333,404926.9375
38.4478,402668.53125
38.4664666666667,397588.625
38.48515,401548.46875
38.5038166666667,395595.96875
38.5224833333333,399072.125
38.5411666666667,404869.59375
38.5598333333333,400881.15625
38.5785,389270.4375
38.5971833333333,397435.71875
38.61585,407005.28125
38.6345166666667,395545.78125
38.6532,380202
38.6718666666667,402914.6875
38.6905333333333,409949.125
38.7092166666667,401527.59375
38.7278833333333,410059.4375
38.74655,406092.59375
38.7652333333333,410711.15625
38.7839,398845.3125
38.8025666666667,413401.75
38.82125,385001.6875
38.8399166666667,407836.46875
38.8586,405667.34375
38.8772666666667,408911.5
38.8959333333333,413164.8125
38.9146166666667,424523.3125
38.9332833333333,408917
38.95195,413795.71875
38.9706333333333,404091.5
38.9893,388477.34375
39.0079666666667,392942.8125
39.02665,403794.875
39.0453166666667,409499.15625
39.0639833333333,403948.34375
39.0826666666667,409953.65625
39.1013333333333,408885.375
39.12,408489.75
39.1386833333333,427584.65625
39.15735,408982.0625
39.1760166666667,415512.6875
39.1947,406880.15625
39.2133666666667,411618.71875
39.2320333333333,400850.28125
39.2507166666667,407820.15625
39.2693833333333,416107.875
39.2880666666667,414568.28125
39.3067333333333,424570.4375
39.3254,431612.1875
39.3440833333333,428816.5625
39.36275,427490.125
39.3814166666667,429117.34375
39.4001,421185.25
39.4187666666667,407242.375
39.4374333333333,418490.0625
39.4561166666667,420275.125
39.4747833333333,414837.53125
39.49345,420986.59375
39.5121333333333,417697
39.5308,428466.0625
39.5494666666667,425254.6875
39.56815,421434.21875
39.5868166666667,418971.9375
39.6054833333333,413674.4375
39.6241666666667,424098.71875
39.6428333333333,408787.5625
39.6615166666667,418025.1875
39.6801833333333,423991.75
39.69885,413540.71875
39.7175333333333,427495.9375
39.7362,412301
39.7548666666667,407053.125
39.77355,407079.3125
39.7922166666667,411071.65625
39.8108833333333,413721
39.8295666666667,414825.6875
39.8482333333333,422045.375
39.8669,418136.75
39.8855833333333,420948.0625
39.90425,426286.96875
39.9229166666667,411596.9375
39.9416,425819
39.9602666666667,433942.28125
39.97895,428116.40625
39.9976166666667,426797.125
40.0162833333333,428706.1875
40.0349666666667,436959.5625
40.0536333333333,438827.25
40.0723,445878.0625
40.0909833333333,443180.21875
40.10965,448381.90625
40.1283166666667,443371.625
40.147,437853.34375
40.1656666666667,438634.53125
40.1843333333333,445233.71875
40.2030166666667,457419.59375
40.2216833333333,445429.4375
40.24035,441168.28125
40.2590333333333,436830.5625
40.2777,433977.84375
40.2963666666667,430332.375
40.31505,422025.34375
40.3337166666667,437292.1875
40.3523833333333,441388.03125
40.3710666666667,433531.71875
40.3897333333333,444180.96875
40.4084,449978.375
40.4270833333333,450868.28125
40.44575,445315.96875
40.4644333333333,463960.34375
40.4831,437441.25
40.5017666666667,443537.71875
40.52045,440744.53125
40.5391166666667,443242.15625
40.5577833333333,441593.875
40.5764666666667,441075.15625
40.5951333333333,446322.8125
40.6138,441184.78125
40.6324833333333,449937.28125
40.65115,460515.9375
40.6698166666667,447206.6875
40.6885,452059.71875
40.7071666666667,453459.9375
40.7258333333333,442616.625
40.7445166666667,457324.28125
40.7631833333333,448775.3125
40.78185,447566.15625
40.8005333333333,436171
40.8192,431176.5625
40.8378666666667,434629.625
40.85655,445655.9375
40.8752166666667,448510.8125
40.8938833333333,456480.25
40.9125666666667,433011.4375
40.9312333333333,444189.96875
40.9499,436542.625
40.9685833333333,421761.71875
40.98725,435574.5
41.0059166666667,451878.0625
41.0246,449968.75
41.0432666666667,463774.78125
41.06195,456155.53125
41.0806166666667,442559.53125
41.0992833333333,464238.21875
41.1179666666667,472577.625
41.1366333333333,471600.78125
41.1553,453433.84375
41.1739833333333,452402.4375
41.19265,460370.65625
41.2113166666667,455778.59375
41.23,442145.21875
41.2486666666667,449582.5
41.2673333333333,446361.125
41.2860166666667,445387.4375
41.3046833333333,451798.125
41.32335,463746.84375
41.3420333333333,447541.5625
41.3607,453279.375
41.3793666666667,457925
41.39805,455168
41.4167166666667,458623.625
41.4353833333333,466588.90625
41.4540666666667,440159.96875
41.4727333333333,462808.0625
41.4914,461122.6875
41.5100833333333,469195.96875
41.52875,475779.75
41.5474166666667,480949.28125
41.5661,481482.625
41.5847666666667,469221.1875
41.60345,478340.625
41.6221166666667,483433.78125
41.6407833333333,480862.0625
41.6594666666667,480099.84375
41.6781333333333,461459.65625
41.6968,479839.0625
41.7154833333333,465908.96875
41.73415,470741.5625
41.7528166666667,479713.1875
41.7715,459391.90625
41.7901666666667,475477.90625
41.8088333333333,478721.5625
41.8275166666667,467420.25
41.8461833333333,475291.6875
41.86485,471012.875
41.8835333333333,481427.03125
41.9022,501045.75
41.9208666666667,502573.59375
41.93955,501399.65625
41.9582166666667,501030
41.9768833333333,504905.625
41.9955666666667,500792.1875
42.0142333333333,518509.28125
42.0329,519555.3125
42.0515833333333,513327.78125
42.07025,516483.1875
42.0889333333333,523386.28125
42.1076,502357.375
42.1262666666667,518640.84375
42.14495,510913.96875
42.1636166666667,526711.25
42.1822833333333,539289.625
42.2009666666667,538770.6875
42.2196333333333,501804.96875
42.2383,503794.90625
42.2569833333333,503892.84375
42.27565,476797.0625
42.2943166666667,487342.21875
42.313,504139.21875
42.3316666666667,499380.625
42.3503333333333,480815.09375
42.3690166666667,487249.71875
42.3876833333333,487107
42.40635,493957.1875
42.4250333333333,486160.875
42.4437,480347.96875
42.4623666666667,491745.90625
42.48105,496816.5625
42.4997166666667,491086.71875
42.5183833333333,488836.75
42.5370666666667,482661.71875
42.5557333333333,472687.1875
42.5744,496832.3125
42.5930833333333,494669.65625
42.61175,480564.28125
42.6304166666667,487658.125
42.6491,481456.21875
42.6677666666667,493436.78125
42.6864333333333,481793.03125
42.7051166666667,495393.4375
42.7237833333333,501346.21875
42.74245,486584.28125
42.7611333333333,480142.28125
42.7798,472762.3125
42.7984666666667,469103.46875
42.81715,487901.6875
42.8358166666667,478181.21875
42.8545,491524.25
42.8731666666667,481609.4375
42.8918333333333,487512.59375
42.9105166666667,492439.21875
42.9291833333333,493677.96875
42.94785,494013.1875
42.9665333333333,501586.5625
42.9852,502662.40625
43.0038666666667,506655.84375
43.02255,512036.6875
43.0412166666667,493941.96875
43.0598833333333,504127.0625
43.0785666666667,493887.1875
43.0972333333333,497834.34375
43.1159,510101.09375
43.1345833333333,482713.1875
43.15325,518991.5
43.1719166666667,501260.9375
43.1906,497885.84375
43.2092666666667,490985.4375
43.2279333333333,509745.1875
43.2466166666667,500298.9375
43.2652833333333,507621.03125
43.28395,489396.40625
43.3026333333333,501689.375
43.3213,511480.5625
43.3399666666667,492599.53125
43.35865,502986.0625
43.3773166666667,518831.28125
43.3959833333333,516732.3125
43.4146666666667,532187.5
43.4333333333333,527877.75
43.452,528001.375
43.4706833333333,541290.8125
43.48935,535034.5625
43.5080166666667,516490.21875
43.5267,525523.6875
43.5453666666667,503707.46875
43.5640333333333,503295.3125
43.5827166666667,514861.25
43.6013833333333,508752.125
43.62005,513975.53125
43.6387333333333,506476.40625
43.6574,512370.03125
43.6760833333333,512674.78125
43.69475,505859.0625
43.7134166666667,507236.46875
43.7321,512136.1875
43.7507666666667,502724.84375
43.7694333333333,514506.5625
43.7881,499990.28125
43.8067833333333,504523.125
43.82545,511902.375
43.8441333333333,518140.78125
43.8628,526044.125
43.8814666666667,524023.625
43.90015,506070.75
43.9188166666667,502034.96875
43.9374833333333,528808.6875
43.9561666666667,510349.34375
43.9748333333333,519849.40625
43.9935,535545.8125
44.0121833333333,544185.375
44.03085,533581.75
44.0495166666667,546375.75
44.0682,542392.875
44.0868666666667,542451.125
44.1055333333333,535353.6875
44.1242166666667,541221.9375
44.1428833333333,552290.75
44.16155,549329.0625
44.1802333333333,556881.875
44.1989,560933
44.2175666666667,558044.6875
44.23625,545761.625
44.2549166666667,551089.4375
44.2735833333333,541637.4375
44.2922666666667,522818.1875
44.3109333333333,535411.75
44.3296,528189.0625
44.3482833333333,524654.5
44.36695,531482.5625
44.3856166666667,532305.9375
44.4043,543022.5625
44.4229666666667,537801.125
44.4416333333333,544645.75
44.4603166666667,535869.6875
44.4789833333333,529174.5625
44.49765,529073.6875
44.5163333333333,541547.1875
44.535,536457.75
44.5536666666667,545891.125
44.57235,537455.8125
44.5910166666667,534474.8125
44.6096833333333,552210.375
44.6283666666667,542710.0625
44.6470333333333,553418.9375
44.6657,554822.875
44.6843833333333,544878.375
44.70305,537950.1875
44.7217166666667,547564.6875
44.7404,556509.625
44.7590666666667,528982.1875
44.7777333333333,546807.5625
44.7964166666667,555776.3125
44.8150833333333,556834.8125
44.83375,548217.1875
44.8524333333333,552087.6875
44.8711,561571.875
44.8897666666667,543593.6875
44.90845,554707.75
44.9271166666667,544755.375
44.9457833333333,560742.8125
44.9644666666667,544486.875
44.9831333333333,551245.9375
45.0018,543752.6875
45.0204833333333,548677.625
45.03915,580775.5625
45.0578166666667,563968.75
45.0765,552590.75
45.0951666666667,541252.375
45.1138333333333,546249
45.1325166666667,550334.0625
45.1511833333333,568959.25
45.16985,569893.25
45.1885333333333,559578.375
45.2072,554020.5
45.2258833333333,541325.9375
45.24455,552687.625
45.2632166666667,558346.6875
45.2819,575398.4375
45.3005666666667,570477.6875
45.3192333333333,554677.125
45.3379166666667,557729.8125
45.3565833333333,570365.125
45.37525,569375.375
45.3939333333333,553221.8125
45.4126,558542.5
45.4312666666667,556188.6875
45.44995,556636.125
45.4686166666667,560141.1875
45.4872833333333,567840.1875
45.5059666666667,571141.4375
45.5246333333333,572357.5
45.5433,567325.6875
45.5619833333333,551852.4375
45.58065,576647.625
45.5993166666667,581297.375
45.618,576744.9375
45.6366666666667,589457.9375
45.6553333333333,575169.1875
45.6740166666667,571038.0625
45.6926833333333,563820.75
45.71135,574490.0625
45.7300333333333,585816.3125
45.7487,568344.375
45.7673666666667,576734.375
45.78605,565756.5
45.8047166666667,581411.0625
45.8233833333333,577637.25
45.8420666666667,562239.5625
45.8607333333333,573733.9375
45.8794,587340.1875
45.8980833333333,585711.5
45.91675,583127.5625
45.9354166666667,581479.375
45.9541,594906.25
45.9727666666667,591565.25
45.9914333333333,610889.875
46.0101166666667,598153.4375
46.0287833333333,588064.6875
46.04745,588430
46.0661333333333,581064.125
46.0848,599401.375
46.1034666666667,596000.5
46.12215,583574.0625
46.1408166666667,578523.5
46.1594833333333,603987.9375
46.1781666666667,585544.8125
46.1968333333333,569756.0625
46.2155,568096.0625
46.2341833333333,583454.4375
46.25285,589162.875
46.2715166666667,587588.75
46.2902,587938.875
46.3088666666667,586021.8125
46.3275333333333,572616.625
46.3462166666667,593088.4375
46.3648833333333,591656.125
46.38355,576312.375
46.4022333333333,583591.875
46.4209,586400.875
46.4395666666667,614647.9375
46.45825,599095.6875
46.4769166666667,593205.8125
46.4955833333333,571155.75
46.5142666666667,600408.5625
46.5329333333333,586485.3125
46.5516,594448.5625
46.5702833333333,607708.25
46.58895,582551.125
46.6076166666667,589998.125
46.6263,609176.0625
46.6449666666667,602097.3125
46.6636333333333,603122.5625
46.6823166666667,603306.375
46.7009833333333,599372.5
46.71965,580599
46.7383333333333,595226.875
46.757,616187.375
46.7756666666667,604401.625
46.79435,611377.875
46.8130166666667,587493.5625
46.8316833333333,582870.6875
46.8503666666667,608810.75
46.8690333333333,628385
46.8877,606477.6875
46.9063666666667,593291.0625
46.92505,597188.0625
46.9437166666667,586670.25
46.9623833333333,597660.3125
46.9810666666667,599687.625
46.9997333333333,595565.5
47.0184,584665.625
47.0370833333333,588294.5625
47.05575,602397.6875
47.0744166666667,615547.0625
47.0931,605178
47.1117666666667,614318.8125
47.1304333333333,600353.1875
47.1491166666667,593759.625
47.1677833333333,584728.625
47.18645,601569.75
47.2051333333333,608406.9375
47.2238,617025.1875
47.2424666666667,599307.0625
47.26115,612655.875
47.2798166666667,614431.125
47.2984833333333,603405.5
47.3171666666667,605097.4375
47.3358333333333,618430.5625
47.3545,610672.875
47.3731833333333,612072.875
47.39185,609857
47.4105166666667,611851.625
47.4292,607386.3125
47.4478666666667,602689.4375
47.4665333333333,615123.25
47.4852166666667,613764
47.5038833333333,616683
47.52255,633203.25
47.5412333333333,605697.125
47.5599,612560.3125
47.5785666666667,612273
47.59725,606601.5
47.6159166666667,653163.125
47.6345833333333,627239
47.6532666666667,638475.5
47.6719333333333,612281.25
47.6906,630947.3125
47.7092833333333,623442.1875
47.72795,619907.625
47.7466166666667,616132.375
47.7653,634887.625
47.7839666666667,650870.1875
47.8026333333333,620511.25
47.8213166666667,602990.75
47.8399833333333,614312.625
47.85865,642984.1875
47.8773166666667,626814.4375
47.896,620830.25
47.9146666666667,627730.1875
47.9333333333333,619177.625
47.9520166666667,622020.5625
47.9706833333333,628637.5625
47.98935,633100.4375
48.0080333333333,625207.0625
48.0267,642583.9375
48.0453666666667,625372.1875
48.06405,625989.0625
48.0827166666667,647899.4375
48.1013833333333,652210.875
48.1200666666667,656736.75
48.1387333333333,631590.625
48.1574,654063.125
48.1760833333333,654760.5625
48.19475,655201.8125
48.2134166666667,644674.75
48.2321,611220.625
48.2507666666667,641259.4375
48.2694333333333,639457.5625
48.2881166666667,642950.9375
48.3067833333333,633334.1875
48.32545,623334.125
48.3441333333333,626513.125
48.3628,650364.3125
48.3814666666667,646037.75
48.40015,653940.25
48.4188166666667,639219.5625
48.4374833333333,649483
48.4561666666667,642827.75
48.4748333333333,627971.875
48.4935,628276.375
48.5121833333333,651985.4375
48.53085,642098.125
48.5495166666667,656706.625
48.5682,640708.75
48.5868666666667,657980.125
48.6055333333333,681013.1875
48.6242166666667,665094.6875
48.6428833333333,662087.125
48.66155,667025.375
48.6802333333333,630638.125
48.6989,651428.4375
48.7175666666667,629316.8125
48.7362333333333,651440.6875
48.7549166666667,648134.5625
48.7735833333333,652473.6875
48.79225,655659.4375
48.8109333333333,647419.875
48.8296,653045.8125
48.8482666666667,654340.375
48.86695,671911.875
48.8856166666667,675854.125
48.9042833333333,661571.375
48.9229666666667,656023.25
48.9416333333333,666588.8125
48.9603,660447.75
48.9789833333333,654235.375
48.99765,671408.5625
49.0163166666667,655974.25
49.035,666772.4375
49.0536666666667,673235.4375
49.0723333333333,674756.875
49.0910166666667,664408.8125
49.1096833333333,652149.25
49.12835,659576.4375
49.1470333333333,653667.1875
49.1657,670949.4375
49.1843666666667,641377.0625
49.20305,672534.25
49.2217166666667,663521.6875
49.2403833333333,667996.875
49.2590666666667,652149.0625
49.2777333333333,649203
49.2964,636272.625
49.3150833333333,667278.625
49.33375,669238.6875
49.3524166666667,655875.5
49.3711,643061.3125
49.3897666666667,668253.0625
49.4084333333333,665479.375
49.4271166666667,658281.875
49.4457833333333,666152.5625
49.46445,687042.625
49.4831333333333,663078.125
49.5018,654220.625
49.5204666666667,665407.75
49.53915,660208.25
49.5578166666667,665750.8125
49.5764833333333,683230.6875
49.5951666666667,680222.6875
49.6138333333333,677679.5625
49.6325,689126.4375
49.6511666666667,669464.4375
49.66985,670440.8125
49.6885166666667,671640.25
49.7071833333333,672038.9375
49.7258666666667,680778.125
49.7445333333333,671553.625
49.7632,666572.375
49.7818833333333,664180.125
49.80055,663182.3125
49.8192166666667,677896.25
49.8379,683195.4375
49.8565666666667,685275.625
49.8752333333333,701085.0625
49.8939166666667,679740.4375
49.9125833333333,671254.125
49.93125,683306.375
49.9499333333333,689232.25
49.9686,688857.9375
49.9872666666667,705854.375
50.00595,671906.9375
50.0246166666667,679481.8125
50.0432833333333,687574.9375
50.0619666666667,689858.25
50.0806333333333,707063.0625
50.0993,678661.8125
50.1179666666667,691750.5
50.13665,679968.4375
50.1553166666667,704163.375
50.1739833333333,681997.8125
50.1926666666667,689031.1875
50.2113333333333,691324
50.23,702267.75
50.2486833333333,690707.9375
50.26735,674126.125
50.2860166666667,675073.5625
50.3047,721745.5625
50.3233666666667,705943.4375
50.3420333333333,693040.375
50.3607166666667,716793.0625
50.3793833333333,699101.125
50.39805,695550
50.4167333333333,711982.375
50.4354,716576.9375
50.4540666666667,713341.0625
50.47275,717938.5625
50.4914166666667,711637.1875
50.5100833333333,699226.625
50.5287666666667,717572.875
50.5474333333333,696012.1875
50.5661,698383.625
50.5847666666667,713894.5625
50.60345,702103.5625
50.6221166666667,707221.8125
50.6407833333333,708578.6875
50.6594666666667,699138.25
50.6781333333333,698824.25
50.6968,711016.1875
50.7154833333333,694412.75
50.73415,717248.375
50.7528166666667,702860
50.7715,718016
50.7901666666667,708111.1875
50.8088333333333,724601.375
50.8275166666667,712280.375
50.8461833333333,706303.3125
50.86485,736762.8125
50.8835333333333,715849.0625
50.9022,724036.125
50.9208666666667,712262.0625
50.93955,723680.1875
50.9582166666667,716186.625
50.9768833333333,720751.25
50.9955666666667,738206.875
51.0142333333333,723729.8125
51.0329,728029.625
51.0515666666667,750896.5625
51.07025,731420.375
51.0889166666667,720490.5625
51.1075833333333,739910.75
51.1262666666667,743213.25
51.1449333333333,734284.125
51.1636,737452.6875
51.1822833333333,735030.4375
51.20095,747009.125
51.2196166666667,754611.6875
51.2383,738616.5
51.2569666666667,748208.5625
51.2756333333333,755679.5
51.2943166666667,728994.3125
51.3129833333333,750025.625
51.33165,748228.3125
51.3503166666667,770273.1875
51.369,773804.5625
51.3876666666667,760126.125
51.4063333333333,765397.0625
51.4250166666667,764878
51.4436833333333,766493.3125
51.46235,769776.125
51.4810333333333,781949.4375
51.4997,793528.1875
51.5183666666667,761742.0625
51.53705,751536.8125
51.5557166666667,775378.9375
51.5743833333333,770466.9375
51.5930666666667,757675.625
51.6117333333333,766058.625
51.6304,760043.8125
51.6490666666667,777031.25
51.66775,761514.9375
51.6864166666667,750929.75
51.7050833333333,763015.4375
51.7237666666667,747853.4375
51.7424333333333,749155.625
51.7611,757486
51.7797833333333,762605.9375
51.79845,777849
51.8171166666667,765120.625
51.8358,769867.4375
51.8544666666667,777403.5
51.8731333333333,784909.5625
51.8918166666667,761365.9375
51.9104833333333,766458.3125
51.92915,777069.6875
51.9478166666667,773621.25
51.9665,787162.4375
51.9851666666667,767997.5625
52.0038333333333,780898.9375
52.0225166666667,784598.5625
52.0411833333333,783567.625
52.05985,792625.625
52.0785333333333,790188.6875
52.0972,783693.125
52.1158666666667,783864.5
52.13455,813888
52.1532166666667,793675.875
52.1718833333333,779878.8125
52.1905666666667,774048.1875
52.2092333333333,789350.8125
52.2279,782318.125
52.2465833333333,779506.3125
52.26525,801990.0625
52.2839166666667,792767.5625
52.3025833333333,800383.6875
52.3212666666667,779254.25
52.3399333333333,786345.1875
52.3586,767132.1875
52.3772833333333,806157.75
52.39595,778851.1875
52.4146166666667,814899.6875
52.4333,783260.9375
52.4519666666667,788572.5
52.4706333333333,801003.875
52.4893166666667,783890.9375
52.5079833333333,779427.1875
52.52665,787664.1875
52.5453333333333,779064.25
52.564,793958.3125
52.5826666666667,801580.375
52.6013333333333,803744.875
52.6200166666667,797694.125
52.6386833333333,795299.5625
52.65735,795879.8125
52.6760333333333,813078.3125
52.6947,831791.0625
52.7133666666667,805324.9375
52.73205,801257.625
52.7507166666667,821932.6875
52.7693833333333,807406.0625
52.7880666666667,812417.5625
52.8067333333333,834470.8125
52.8254,837414.375
52.8440833333333,828061
52.86275,839457.4375
52.8814166666667,855047.375
52.9000833333333,852106.8125
52.9187666666667,828442.5
52.9374333333333,831718.9375
52.9561,841125.3125
52.9747833333333,850190.625
52.99345,843964.0625
53.0121166666667,849680.9375
53.0308,840361.5
53.0494666666667,849701.5
53.0681333333333,845632.375
53.0868166666667,845843.0625
53.1054833333333,847936.875
53.12415,859037.5625
53.1428166666667,851909.0625
53.1615,854111.9375
53.1801666666667,851460.375
53.1988333333333,832231.8125
53.2175166666667,847117.4375
53.2361833333333,840926.0625
53.25485,847578.375
53.2735333333333,853789.25
53.2922,822772.5
53.3108666666667,830741.875
53.32955,816047.625
53.3482166666667,840018.625
53.3668833333333,837742.25
53.38555,844744.625
53.4042333333333,843441.6875
53.4229,834992.0625
53.4415666666667,839631.4375
53.46025,833266.375
53.4789166666667,825147.75
53.4975833333333,849306.125
53.5162666666667,842897.625
53.5349333333333,836321.0625
53.5536,830704.125
53.5722833333333,822428.875
53.59095,849115.5
53.6096166666667,845450.375
53.6282833333333,839556.875
53.6469666666667,828752.625
53.6656333333333,819135.5
53.6843,822307.4375
53.7029833333333,825510.5
53.72165,831659.0625
53.7403166666667,834850.125
53.759,854700.75
53.7776666666667,848207.4375
53.7963333333333,862534.3125
53.8150166666667,866154.5
53.8336833333333,845389.1875
53.85235,848000.3125
53.8710166666667,825335.875
53.8897,847375.3125
53.9083666666667,875287.0625
53.9270333333333,865944.1875
53.9457166666667,851624.4375
53.9643833333333,854258.1875
53.98305,860055.1875
54.0017333333333,837548
54.0204,853886.875
54.0390666666667,859731.75
54.0577333333333,851704.125
54.0764166666667,862687.625
54.0950833333333,885028.9375
54.11375,843829.8125
54.1324333333333,858231.625
54.1511,859763.75
54.1697666666667,845591.875
54.18845,871527
54.2071166666667,868653.5
54.2257833333333,892369.375
54.2444666666667,849595.4375
54.2631333333333,876943.3125
54.2818,872868.875
54.3004666666667,869531.6875
54.31915,888993.0625
54.3378166666667,875736.875
54.3564833333333,844730.4375
54.3751666666667,861567.375
54.3938333333333,858532.875
54.4125,882408.9375
54.4311833333333,885287
54.44985,891368.5625
54.4685166666667,900927.5
54.4871833333333,873818.0625
54.5058666666667,875945.375
54.5245333333333,863757.1875
54.5432,890517.9375
54.5618833333333,890775.375
54.58055,924004.1875
54.5992166666667,874527.1875
54.6179,900347.3125
54.6365666666667,899311.5625
54.6552333333333,910472.625
54.6739,912450.4375
54.6925833333333,874311.5
54.71125,881406.25
54.7299166666667,897131.25
54.7486,894875.1875
54.7672666666667,864074.1875
54.7859333333333,882381.625
54.8046166666667,879028.0625
54.8232833333333,898261.3125
54.84195,901754.8125
54.8606166666667,914956.1875
54.8793,909664.6875
54.8979666666667,879452.75
54.9166333333333,903905.875
54.9353166666667,911413.375
54.9539833333333,881811.25
54.97265,890444.125
54.9913333333333,908563.5625
55.01,906909.1875
55.0286666666667,942041.5625
55.0473333333333,922139.0625
55.0660166666667,914988.5
55.0846833333333,920224.625
55.10335,910909.1875
55.1220333333333,912862.125
55.1407,923803.5
55.1593666666667,919503.6875
55.17805,914166.625
55.1967166666667,927648.75
55.2153833333333,906185.9375
55.2340666666667,937293.5
55.2527333333333,909290.9375
55.2714,926954.5
55.2900666666667,951665.9375
55.30875,967759.125
55.3274166666667,957985.5
55.3460833333333,937208.375
55.3647666666667,954313
55.3834333333333,938082.25
55.4021,935799.0625
55.4207833333333,963703.0625
55.43945,951606.3125
55.4581166666667,934637.75
55.4767833333333,955933.3125
55.4954666666667,937298.0625
55.5141333333333,936040.5
55.5328,948446.4375
55.5514833333333,959341.1875
55.57015,958297.4375
55.5888166666667,952332.0625
55.6075,956567.625
55.6261666666667,940528.4375
55.6448333333333,950802.5
55.6635,958254.1875
55.6821833333333,938474.8125
55.70085,955918.4375
55.7195166666667,962288.8125
55.7382,943673.125
55.7568666666667,965019.9375
55.7755333333333,965336.25
55.7942166666667,955772.5625
55.8128833333333,964500.1875
55.83155,931075.4375
55.8502166666667,951901.6875
55.8689,960056.375
55.8875666666667,947954.625
55.9062333333333,946798.125
55.9249166666667,946291.0625
55.9435833333333,946544.3125
55.96225,968569.0625
55.9809166666667,979018.4375
55.9996,974050.4375
56.0182666666667,945011.3125
56.0369333333333,928998.5
56.0556166666667,955067.25
56.0742833333333,944960.5625
56.09295,940529.8125
56.1116333333333,962085.9375
56.1303,956043.1875
56.1489666666667,943772.1875
56.16765,961172.6875
56.1863166666667,962072.875
56.2049833333333,939700.8125
56.22365,973991.5
56.2423333333333,954352.6875
56.261,941728.5625
56.2796666666667,971433.0625
56.29835,966896.9375
56.3170166666667,946474.5625
56.3356833333333,958858.25
56.35435,951229.6875
56.3730333333333,962453.5625
56.3917,940014.25
56.4103666666667,953634.125
56.42905,942151.8125
56.4477166666667,932211.5
56.4663833333333,945764.125
56.4850666666667,937028
56.5037333333333,975117.875
56.5224,953691.75
56.5410666666667,954497.25
56.55975,965063.1875
56.5784166666667,954144.375
56.5970833333333,946456.3125
56.6157666666667,962360.25
56.6344333333333,971918
56.6531,959561.25
56.6717666666667,964708.75
56.69045,942562.5625
56.7091166666667,967769.0625
56.7277833333333,985800.625
56.7464666666667,973804.0625
56.7651333333333,983200.125
56.7838,980866.9375
56.8024833333333,986336.0625
56.82115,945482.5625
56.8398166666667,960581.8125
56.8584833333333,976498.5625
56.8771666666667,974715.125
56.8958333333333,993233.375
56.9145,973994.0625
56.9331833333333,962842.1875
56.95185,990021.75
56.9705166666667,984878.5
56.9892,969406.625
57.0078666666667,972538
57.0265333333333,976294.875
57.0452,981340.625
57.0638833333333,969596.75
57.08255,983027.75
57.1012166666667,972259.0625
57.1199,974913.0625
57.1385666666667,981361
57.1572333333333,987415.5
57.1759166666667,990149.4375
57.1945833333333,996933.5
57.21325,1008678.5
57.2319166666667,1001929.5
57.2506,1006775.875
57.2692666666667,991081.3125
57.2879333333333,986882.375
57.3066166666667,971902.25
57.3252833333333,999931.625
57.34395,988757.8125
57.3626166666667,981899.4375
57.3813,991276.1875
57.3999666666667,979725.3125
57.4186333333333,976132.625
57.4373166666667,991378.1875
57.4559833333333,975047.25
57.47465,988232.375
57.4933166666667,993787.4375
57.512,1010624.125
57.5306666666667,1023003.9375
57.5493333333333,989657.5625
57.5680166666667,994630.5625
57.5866833333333,1016155.125
57.60535,992619.1875
57.6240333333333,1008675.25
57.6427,1010648.875
57.6613666666667,1004781
57.68005,1018708.25
57.6987166666667,1002503.3125
57.7173833333333,1020816.8125
57.73605,1003249.375
57.7547333333333,1001180
57.7734,976859.875
57.7920666666667,1016525.375
57.81075,1027760.25
57.8294166666667,1016869.1875
57.8480833333333,1000018.1875
57.86675,1012167.375
57.8854333333333,985565.375
57.9041,992365.3125
57.9227666666667,998397.1875
57.94145,1030846.875
57.9601166666667,1020104.625
57.9787833333333,1018218.25
57.9974666666667,1012505.0625
58.0161333333333,1020487.625
58.0348,1009158.4375
58.0534666666667,1008255.625
58.07215,989674.8125
58.0908166666667,983948.0625
58.1094833333333,1024355.8125
58.1281666666667,1010351.875
58.1468333333333,1005338.6875
58.1655,1016464.5
58.1841833333333,1026553.0625
58.20285,1025504.6875
58.2215166666667,1002458.9375
58.2401833333333,986863.0625
58.2588666666667,1021976.875
58.2775333333333,1019985.0625
58.2962,1018506.6875
58.3148666666667,1002036.6875
58.33355,1041379.4375
58.3522166666667,1031123.6875
58.3708833333333,1008566.125
58.3895666666667,1020432.25
58.4082333333333,1001592
58.4269,1109498.625
58.4455833333333,1016872.0625
58.46425,1022761.4375
58.4829166666667,1022445.25
58.5015833333333,1021334.125
58.5202666666667,1011965.75
58.5389333333333,1022330
58.5576,978686.25
58.5762833333333,1007085.5625
58.59495,1025024.4375
58.6136166666667,1024757.5625
58.6322833333333,1036568.125
58.6509666666667,1023426.8125
58.6696333333333,1061350.75
58.6883,1020481.625
58.7069833333333,1004705.625
58.72565,1019798.4375
58.7443166666667,1032336.6875
58.763,1028046.4375
58.7816666666667,1031428.75
58.8003333333333,1032452.1875
58.819,1040674.0625
58.8376833333333,1029898.375
58.85635,1023269.3125
58.8750166666667,1010282.1875
58.8937,1009229.6875
58.9123666666667,1037095.625
58.9310333333333,1055708.25
58.9497,1031098.875
58.9683833333333,1038472.6875
58.98705,1019649
59.0057166666667,1023169.25
59.0244,1013608.9375
59.0430666666667,1012886.875
59.0617333333333,1014216.0625
59.0804,1032957.25
59.0990833333333,1061341.625
59.11775,1048793.125
59.1364166666667,1054561.625
59.1551,1055518.5
59.1737666666667,1040581.5
59.1924333333333,1037802.25
59.2111,1031587.125
59.2297833333333,1005675.6875
59.24845,1035466.625
59.2671166666667,1045734.625
59.2858,1056947.75
59.3044666666667,1058274.625
59.3231333333333,1051380.875
59.3418,1050516.5
59.3604833333333,1049370.375
59.37915,1076365.75
59.3978166666667,1076065.625
59.4165,1044638
59.4351666666667,1075339.25
59.4538333333333,1039819.875
59.4725,1052961
59.4911833333333,1067736.25
59.50985,1083196
59.5285166666667,1094148.75
59.5472,1085306.5
59.5658666666667,1082061.5
59.5845333333333,1096777.125
59.6032,1093997.25
59.6218833333333,1117671.25
59.64055,1153779.375
59.6592166666667,1146452.75
59.6779,1139893
59.6965666666667,1138259
59.7152333333333,1109004
59.7339,1114164.875
59.7525833333333,1141807.25
59.77125,1137746.125
59.7899166666667,1141132.25
59.8086,1131326.125
59.8272666666667,1138869.125
59.8459333333333,1142918
59.8646,1133455.75
59.8832833333333,1103189.875
59.90195,1122401.125
59.9206166666667,1135517
59.9393,1122723.625
59.9579666666667,1123867.375
59.9766333333333,1134789.125
59.9953,1134801.75
60.0139833333333,1121080.875
60.03265,1111625.875
60.0513166666667,1094788
60.07,1141655.25
60.0886666666667,1085511.5
60.1073333333333,1115190.125
60.126,1115478
60.1446833333333,1118542.625
60.16335,1152807.25
60.1820166666667,1133392.25
60.2007,1127106.875
60.2193666666667,1141242.875
60.2380333333333,1141040.875
60.2567,1139181.75
60.2753833333333,1113682.5
60.29405,1123177.625
60.3127166666667,1147601.25
60.3314,1144985.875
60.3500666666667,1146886
60.3687333333333,1120502.625
60.3874,1144120
60.4060833333333,1141945.25
60.42475,1155890.875
60.4434166666667,1110742
60.4621,1170203.5
60.4807666666667,1172466.375
60.4994333333333,1181421.625
60.5181,1166220.5
60.5367833333333,1154630.75
60.55545,1174403.75
60.5741166666667,1145455.125
60.5928,1123026.25
60.6114666666667,1157749.5
60.6301333333333,1136395
60.6488,1103222.75
60.6674833333333,1159519.75
60.68615,1155806.875
60.7048166666667,1135205
60.7235,1137114.5
60.7421666666667,1122244.625
60.7608333333333,1142336.375
60.7795,1130067.25
60.7981833333333,1116459.875
60.81685,1134657.5
60.8355166666667,1126213.625
60.8542,1097345.5
60.8728666666667,1104458.125
60.8915333333333,1102806.375
60.9102,1082957.25
60.9288833333333,1121128.25
60.94755,1112701.75
60.9662166666667,1093873.5
60.9848833333333,1103371.875
61.0035666666667,1115436
61.0222333333333,1078545.75
61.0409,1078807.125
61.0595833333333,1105411.5
61.07825,1098310.625
61.0969166666667,1109554.75
61.1155833333333,1090842.625
61.1342666666667,1083030.625
61.1529333333333,1080538.625
61.1716,1098053.125
61.1902833333333,1054663.375
61.20895,1078625.5
61.2276166666667,1092462.75
61.2462833333333,1083203.375
61.2649666666667,1078295.375
61.2836333333333,1087819.625
61.3023,1126414.5
61.3209833333333,1100040.125
61.33965,1091385.5
61.3583166666667,1109530.625
61.3769833333333,1109348.5
61.3956666666667,1101358.625
61.4143333333333,1097882.5
61.433,1098095.875
61.4516833333333,1084276.875
61.47035,1092768.625
61.4890166666667,1110404.25
61.5076833333333,1112962.75
61.5263666666667,1108887
61.5450333333333,1130617.75
61.5637,1113537.875
61.5823833333333,1124014.75
61.60105,1127688.75
61.6197166666667,1129342.375
61.6383833333333,1116913.125
61.6570666666667,1124770.75
61.6757333333333,1128933.875
61.6944,1138090.25
61.7130833333333,1112251.375
61.73175,1119677.5
61.7504166666667,1127566.5
61.7690833333333,1136785.125
61.7877666666667,1140733.5
61.8064333333333,1111979
61.8251,1148840.75
61.8437833333333,1139487.625
61.86245,1142791.75
61.8811166666667,1144987.5
61.8997833333333,1124186.125
61.9184666666667,1125969.875
61.9371333333333,1123690.625
61.9558,1138841.25
61.9744833333333,1129901.25
61.99315,1109076.25
62.0118166666667,1126833.625
62.0304833333333,1144896.875
62.0491666666667,1148209.375
62.0678333333333,1160204.375
62.0865,1135368.125
62.1051833333333,1117213.25
62.12385,1103288.5
62.1425166666667,1119427.875
62.1611833333333,1150186.625
62.1798666666667,1129114.25
62.1985333333333,1151263
62.2172,1150155.875
62.2358833333333,1126681.625
62.25455,1137709
62.2732166666667,1143908.375
62.2918833333333,1153676
62.3105666666667,1138607
62.3292333333333,1136923.375
62.3479,1190283.125
62.3665833333333,1155289.375
62.38525,1164428.875
62.4039166666667,1177653.625
62.4225833333333,1207151.25
62.4412666666667,1206634.75
62.4599333333333,1195814.125
62.4786,1200883.375
62.4972833333333,1216849.875
62.51595,1225157
62.5346166666667,1257726.125
62.5532833333333,1247708.5
62.5719666666667,1265952.625
62.5906333333333,1261688.75
62.6093,1289118.25
62.6279833333333,1273706.75
62.64665,1272096.125
62.6653166666667,1276196.375
62.6839833333333,1287705.5
62.7026666666667,1300971.125
62.7213333333333,1262852.875
62.74,1264199.75
62.7586833333333,1270171.125
62.77735,1271579.25
62.7960166666667,1245404.75
62.8146833333333,1265238.625
62.8333666666667,1269558.375
62.8520333333333,1231138.875
62.8707,1237814.75
62.8893833333333,1219800.125
62.90805,1233893.5
62.9267166666667,1218106.625
62.9453833333333,1203975.375
62.9640666666667,1213136.5
62.9827333333333,1213717.625
63.0014,1189603.5
63.0200666666667,1177349.375
63.03875,1150619.875
63.0574166666667,1158939
63.0760833333333,1178030.375
63.0947666666667,1172075.75
63.1134333333333,1328032.5
