0.000416666666666667,211456.3125
0.0190666666666667,139913.53125
0.0377166666666667,141437.171875
0.0563833333333333,138698.296875
0.0750666666666667,133562.828125
0.0937333333333333,132120.171875
0.1124,134826.828125
0.131083333333333,135620.40625
0.14975,139774.4375
0.168433333333333,141269.09375
0.1871,137766.3125
0.205766666666667,137484.875
0.22445,140945.734375
0.243116666666667,141193.65625
0.2618,141031.828125
0.280466666666667,137840.75
0.299133333333333,136356.8125
0.317816666666667,136710.34375
0.336483333333333,139223.0625
0.355166666666667,139501.015625
0.373833333333333,137772.25
0.3925,138679.09375
0.411183333333333,141735.015625
0.42985,139752.34375
0.448533333333333,140609.90625
0.4672,135387.515625
0.485866666666667,141459.125
0.50455,139641.546875
0.523216666666667,141129.53125
0.5419,139320.65625
0.560566666666667,138612.875
0.579233333333333,137746.875
0.597916666666667,140681.484375
0.616583333333333,139754.375
0.635266666666667,137056.546875
0.653933333333333,138499.375
0.6726,135939.296875
0.691283333333333,139246.40625
0.70995,144310.328125
0.728633333333333,139063.296875
0.7473,139148.46875
0.765966666666667,137110.203125
0.78465,134811.109375
0.803316666666667,135664.75
0.822,139805.375
0.840666666666667,140070.984375
0.859333333333333,140382.15625
0.878016666666667,142773.5625
0.896683333333333,133630.90625
0.915366666666667,135008.84375
0.934033333333333,140142.96875
0.9527,141718.609375
0.971383333333333,141016.765625
0.99005,138801.828125
1.00873333333333,134782.921875
1.0274,138676.1875
1.04606666666667,140002.453125
1.06475,144499.3125
1.08341666666667,140594.765625
1.10208333333333,138826.046875
1.12076666666667,136640.953125
1.13943333333333,137669.875
1.15811666666667,139769.90625
1.17678333333333,142277.390625
1.19546666666667,139052.65625
1.21413333333333,138553.734375
1.2328,139993.1875
1.25148333333333,141476.25
1.27015,138298.09375
1.28881666666667,140267.8125
1.3075,139794.453125
1.32616666666667,144577.671875
1.34485,169535.859375
1.36351666666667,230299.71875
1.38218333333333,258851.9375
1.40086666666667,240207.734375
1.41953333333333,209371.328125
1.43821666666667,178005.90625
1.45688333333333,165902.6875
1.47555,162862.09375
1.49423333333333,157739.65625
1.5129,149945.046875
1.53158333333333,146198.546875
1.55025,146509.796875
1.56891666666667,137820.75
1.5876,135965.890625
1.60626666666667,142228.625
1.62495,137968.59375
1.64361666666667,139481.390625
1.66228333333333,138245.15625
1.68096666666667,134292.40625
1.69963333333333,134494.53125
1.71831666666667,134594.046875
1.73698333333333,133079.40625
1.75565,131314.953125
1.77433333333333,134638.015625
1.793,136366.234375
1.81166666666667,136240.375
1.83035,137873.453125
1.84901666666667,140048.390625
1.8677,139376.109375
1.88636666666667,143951.96875
1.90503333333333,138811.234375
1.92371666666667,139208.265625
1.94238333333333,140765.265625
1.96106666666667,141947.484375
1.97973333333333,140722.53125
1.99841666666667,139233.265625
2.01708333333333,142828.609375
2.03575,140104.015625
2.05443333333333,136807.921875
2.0731,136334.9375
2.09178333333333,137719.40625
2.11045,141616.4375
2.12911666666667,140963.015625
2.1478,140376.46875
2.16646666666667,137682.875
2.18515,137170.171875
2.20381666666667,136737.8125
2.22248333333333,135244.421875
2.24116666666667,134916.53125
2.25983333333333,139181.09375
2.2785,138472.171875
2.29718333333333,136166.234375
2.31585,139558.328125
2.33453333333333,136760.40625
2.3532,138721.265625
2.37186666666667,138657.375
2.39055,141994.609375
2.40921666666667,138377.328125
2.4279,136118.40625
2.44656666666667,135982.4375
2.46525,135030.703125
2.48391666666667,137988.15625
2.50258333333333,139675.0625
2.52126666666667,134516.03125
2.53993333333333,139232.4375
2.5586,137534.390625
2.57728333333333,135018.171875
2.59595,138144.484375
2.61463333333333,140537.09375
2.6333,142767.5625
2.65196666666667,137645.34375
2.67065,138377.765625
2.68931666666667,137853.828125
2.708,143404.828125
2.72666666666667,141548.984375
2.74533333333333,137892.109375
2.76401666666667,138396.75
2.78268333333333,139788.796875
2.80136666666667,138074.46875
2.82003333333333,139314.734375
2.8387,140314.671875
2.85738333333333,136691.953125
2.87605,142265.890625
2.89473333333333,141015.265625
2.9134,140800.09375
2.93206666666667,145286.15625
2.95075,144791.203125
2.96941666666667,139448.34375
2.9881,141294.84375
3.00676666666667,137223.375
3.02543333333333,141078.75
3.04411666666667,144072.671875
3.06278333333333,140838.25
3.08146666666667,137284.96875
3.10013333333333,139964.171875
3.1188,138635.84375
3.13748333333333,141752.109375
3.15615,144510.984375
3.17483333333333,144746.890625
3.1935,144356.03125
3.21216666666667,143229.40625
3.23085,140270.34375
3.24951666666667,143319.125
3.2682,143379.3125
3.28686666666667,145404.203125
3.30553333333333,146145.796875
3.32421666666667,146114.8125
3.34288333333333,141086.15625
3.36156666666667,146064.03125
3.38023333333333,146836.703125
3.3989,139893.953125
3.41758333333333,141890.890625
3.43625,143239.25
3.45493333333333,146418.84375
3.4736,144833.84375
3.49226666666667,144578.5625
3.51095,141769.171875
3.52961666666667,140626.171875
3.5483,141618.25
3.56696666666667,145080.078125
3.58563333333333,142189.171875
3.60431666666667,143372.4375
3.62298333333333,139251.6875
3.64166666666667,141330.6875
3.66033333333333,143652.796875
3.679,146926.375
3.69768333333333,144912.890625
3.71635,146065.765625
3.73503333333333,145303.75
3.7537,145061.515625
3.77236666666667,140817.484375
3.79105,145123.75
3.80971666666667,139855.8125
3.8284,140557.03125
3.84706666666667,143085.953125
3.86573333333333,149502.09375
3.88441666666667,141438.734375
3.90308333333333,145284.046875
3.92175,143509.390625
3.94043333333333,141769.671875
3.9591,144818.046875
3.97778333333333,145619.609375
3.99645,145696.765625
4.01511666666667,148366.765625
4.0338,146320.609375
4.05246666666667,149022.125
4.07115,144026.890625
4.08981666666667,147375.53125
4.10848333333333,144550.65625
4.12716666666667,146857.96875
4.14583333333333,142959.375
4.16451666666667,144242.4375
4.18318333333333,143736.046875
4.20185,141184.6875
4.22053333333333,151042.203125
4.2392,148136.171875
4.25786666666667,143299.1875
4.27655,149398.9375
4.29521666666667,149862.671875
4.3139,149321.453125
4.33256666666667,148971.484375
4.35123333333333,143890.59375
4.36991666666667,144463.46875
4.38858333333333,143348.984375
4.40726666666667,142966.125
4.42593333333333,147619.578125
4.4446,150167.171875
4.46328333333333,143578.015625
4.48195,144317.796875
4.50063333333333,144076.3125
4.5193,142261.234375
4.53796666666667,147980.234375
4.55665,144195.453125
4.57531666666667,147418.96875
4.594,151514.96875
4.61266666666667,148004.703125
4.63133333333333,143028.015625
4.65001666666667,146189.53125
4.66868333333333,148609.984375
4.68736666666667,145355.34375
4.70603333333333,145020.390625
4.7247,144454.8125
4.74338333333333,146692.125
4.76205,148242.328125
4.78073333333333,146306.875
4.7994,151099.6875
4.81806666666667,143821.828125
4.83675,146055.34375
4.85541666666667,144699.578125
4.8741,148657.15625
4.89276666666667,146426.65625
4.91143333333333,143624.09375
4.93011666666667,148913.203125
4.94878333333333,147628.875
4.96745,149353.25
4.98613333333333,145045.1875
5.0048,148779.453125
5.02348333333333,145203.875
5.04215,144444.515625
5.06081666666667,144282.984375
5.0795,144511.59375
5.09816666666667,143230.25
5.11685,148947.109375
5.13551666666667,148878.953125
5.15418333333333,150373.515625
5.17286666666667,148178.234375
5.19153333333333,148431.546875
5.21021666666667,140576.34375
5.22888333333333,142838.9375
5.24755,152460.296875
5.26623333333333,150921.6875
5.2849,148888.328125
5.30358333333333,148119.953125
5.32225,149410.90625
5.34091666666667,148823.4375
5.3596,149772.328125
5.37826666666667,147273.078125
5.39695,151661.09375
5.41561666666667,150579.375
5.43428333333333,144199.828125
5.45296666666667,143167.953125
5.47163333333333,151468.609375
5.49031666666667,147027.0625
5.50898333333333,145398.40625
5.52765,149124.4375
5.54633333333333,148857.734375
5.565,150510.46875
5.58368333333333,146671.15625
5.60235,149245.953125
5.62101666666667,150217.046875
5.6397,149232.265625
5.65836666666667,145365.09375
5.67705,148891.8125
5.69571666666667,151714.25
5.71438333333333,149289.265625
5.73306666666667,146530.3125
5.75173333333333,145189.296875
5.77041666666667,150137.34375
5.78908333333333,152098.15625
5.80775,153114.796875
5.82643333333333,149525.75
5.8451,152606.65625
5.86376666666667,150040.828125
5.88245,149478.8125
5.90111666666667,150438.5625
5.9198,145238.53125
5.93846666666667,148018.453125
5.95713333333333,150466.609375
5.97581666666667,149702.53125
5.99448333333333,149265.8125
6.01316666666667,146944.046875
6.03183333333333,147808.765625
6.0505,147701.296875
6.06918333333333,146433.875
6.08785,149220.65625
6.10653333333333,154605.890625
6.1252,152161.953125
6.14386666666667,149328.25
6.16255,143374.703125
6.18121666666667,150432.625
6.1999,149747.84375
6.21856666666667,149154.484375
6.23723333333333,152411.59375
6.25591666666667,153313.1875
6.27458333333333,151203.984375
6.29326666666667,150309.453125
6.31193333333333,149721.296875
6.3306,154346.390625
6.34928333333333,151186.203125
6.36795,152907.375
6.38663333333333,155253.890625
6.4053,153848.9375
6.42396666666667,154000.375
6.44265,148619.515625
6.46131666666667,147009.84375
6.48,145441.734375
6.49866666666667,150430.734375
6.51733333333333,150491.25
6.53601666666667,149494.625
6.55468333333333,146447.03125
6.57335,144849.234375
6.59203333333333,149536.078125
6.6107,150466.875
6.62938333333333,146287.703125
6.64805,149488.515625
6.66671666666667,149682.1875
6.6854,152391.578125
6.70406666666667,154505.546875
6.72275,154225.3125
6.74141666666667,159562.3125
6.76008333333333,151199.59375
6.77876666666667,144633.453125
6.79743333333333,151940.84375
6.81611666666667,150210.515625
6.83478333333333,153725.3125
6.85345,156946.015625
6.87213333333333,149482.734375
6.8908,151197.234375
6.90948333333333,151952.953125
6.92815,151326.296875
6.94681666666667,151900.765625
6.9655,151495.9375
6.98416666666667,147788.53125
7.00285,148394.796875
7.02151666666667,148047.9375
7.04018333333333,150309.96875
7.05886666666667,151639.75
7.07753333333333,149441.953125
7.0962,150397.53125
7.11488333333333,153268.375
7.13355,153873.109375
7.15223333333333,152783.125
7.1709,159734.59375
7.18956666666667,157490.8125
7.20825,151418.4375
7.22691666666667,154327.65625
7.2456,156330.953125
7.26426666666667,151592.15625
7.28293333333333,151647.84375
7.30161666666667,151437.953125
7.32028333333333,156336.015625
7.33896666666667,156919.84375
7.35763333333333,154083.875
7.3763,152234.890625
7.39498333333333,157238.296875
7.41365,154967.671875
7.43233333333333,157645.671875
7.451,157909.984375
7.46966666666667,158895.46875
7.48835,152305.875
7.50701666666667,153348.109375
7.5257,155524.734375
7.54436666666667,154930.8125
7.56303333333333,152947.078125
7.58171666666667,152891.765625
7.60038333333333,151962.953125
7.61906666666667,154718.1875
7.63773333333333,157089.890625
7.6564,154382.953125
7.67508333333333,153147.75
7.69375,153055.296875
7.71241666666667,150992.234375
7.7311,154285.65625
7.74976666666667,154994.8125
7.76845,153931.4375
7.78711666666667,155196.6875
7.80578333333333,155715.796875
7.82446666666667,154144.296875
7.84313333333333,155246.53125
7.86181666666667,155628.8125
7.88048333333333,150728.65625
7.89915,151243.734375
7.91783333333333,153282.734375
7.9365,153573.765625
7.95518333333333,153899.71875
7.97385,153788.265625
7.99251666666667,160077.765625
8.0112,152875.109375
8.02986666666667,149227.15625
8.04855,153587.40625
8.06721666666667,156216.34375
8.08588333333333,156542.578125
8.10456666666667,154606.953125
8.12323333333333,154593.9375
8.14191666666667,158175.453125
8.16058333333333,153594.109375
8.17925,157620.234375
8.19793333333333,157726.53125
8.2166,160303.53125
8.23526666666667,155615.328125
8.25395,157439.46875
8.27261666666667,157612.625
8.2913,159376.828125
8.30996666666667,152219.984375
8.32863333333333,156225.703125
8.34731666666667,157251.1875
8.36598333333333,160341.34375
8.38466666666667,157262.53125
8.40333333333333,153963.078125
8.422,153048.75
8.44068333333333,158181.046875
8.45935,156553.515625
8.47803333333333,155259.6875
8.4967,154295.09375
8.51536666666667,154552.546875
8.53405,158467.875
8.55271666666667,158225.03125
8.5714,157270.875
8.59006666666667,158767.484375
8.60873333333333,155977.34375
8.62741666666667,155245.625
8.64608333333333,155138.015625
8.66476666666667,155616.171875
8.68343333333333,153888.828125
8.7021,156797.71875
8.72078333333333,153161.578125
8.73945,159467.234375
8.75813333333333,158122.15625
8.7768,158064.984375
8.79546666666667,161208.046875
8.81415,153359.203125
8.83281666666667,155610.46875
8.85148333333333,154597.265625
8.87016666666667,159264.8125
8.88883333333333,159745.84375
8.90751666666667,156820.46875
8.92618333333333,160216.609375
8.94485,155747.03125
8.96353333333333,157888.21875
8.9822,161067.34375
9.00088333333333,153260.96875
9.01955,155879.171875
9.03821666666667,157153.03125
9.0569,156368.453125
9.07556666666667,156521.015625
9.09425,155088.015625
9.11291666666667,161123.84375
9.13158333333333,158027.65625
9.15026666666667,160616.515625
9.16893333333333,156537.09375
9.1876,154390.90625
9.20628333333333,157979.34375
9.22495,164038.21875
9.24363333333333,163117.515625
9.2623,160698.296875
9.28096666666667,164508.796875
9.29965,159929.546875
9.31831666666667,160998.625
9.337,156736.75
9.35566666666667,160143.1875
9.37433333333333,162540.46875
9.39301666666667,155372.71875
9.41168333333333,157592.75
9.43036666666667,162314.09375
9.44903333333333,158878.671875
9.4677,161717.03125
9.48638333333333,159509.34375
9.50505,155380.96875
9.52373333333333,155940.40625
9.5424,159962.4375
9.56106666666667,164913.046875
9.57975,159608.734375
9.59841666666667,155731.515625
9.61708333333333,159612.953125
9.63576666666667,167564.359375
9.65443333333333,163872.625
9.67311666666667,159794.46875
9.69178333333333,157321.953125
9.71045,160010.21875
9.72913333333333,154713.671875
9.7478,158240.828125
9.76648333333333,162370.1875
9.78515,161799.375
9.80381666666667,158592.578125
9.8225,158618.671875
9.84116666666667,168141.296875
9.85985,164371.40625
9.87851666666667,160703.6875
9.89718333333333,163814.375
9.91586666666667,164843.171875
9.93453333333333,168907.21875
9.9532,160605.953125
9.97188333333333,162460.59375
9.99055,158618.765625
10.0092333333333,157206.296875
10.0279,157939.171875
10.0465666666667,162790.953125
10.06525,156534.90625
10.0839166666667,162117.6875
10.1026,158479.046875
10.1212666666667,158626.078125
10.1399333333333,160963.515625
10.1586166666667,162185.15625
10.1772833333333,161032.078125
10.1959666666667,160247.09375
10.2146333333333,161513.328125
10.2333,159643.8125
10.2519833333333,161917.546875
10.27065,158986.765625
10.2893333333333,156695.34375
10.308,161416.3125
10.3266666666667,161552.15625
10.34535,158508.953125
10.3640166666667,161912.75
10.3826833333333,159480.453125
10.4013666666667,159168.390625
10.4200333333333,159455.953125
10.4387166666667,163465.359375
10.4573833333333,162167.09375
10.47605,166010.109375
10.4947333333333,164612.6875
10.5134,165368.890625
10.5320833333333,160781.109375
10.55075,163509.6875
10.5694166666667,162291.4375
10.5881,160569.4375
10.6067666666667,162147.015625
10.62545,164210.296875
10.6441166666667,162002.953125
10.6627833333333,157841.734375
10.6814666666667,162190.390625
10.7001333333333,169172.296875
10.7188166666667,158621.9375
10.7374833333333,165055.984375
10.75615,162277.25
10.7748333333333,164935.265625
10.7935,174494.40625
10.8121833333333,173878.609375
10.83085,173893.046875
10.8495166666667,169700.875
10.8682,170099.09375
10.8868666666667,171884.828125
10.9055333333333,169796.859375
10.9242166666667,169874.15625
10.9428833333333,168967.125
10.9615666666667,170246.15625
10.9802333333333,161651.53125
10.9989,171128.96875
11.0175833333333,163984.9375
11.03625,161450.265625
11.0549333333333,161726.125
11.0736,165842.515625
11.0922666666667,169637.828125
11.11095,164282.1875
11.1296166666667,170266.625
11.1483,170296.59375
11.1669666666667,166381.515625
11.1856333333333,169862.03125
11.2043166666667,167854.109375
11.2229833333333,166486.234375
11.2416666666667,166443.453125
11.2603333333333,164703.578125
11.279,162823.15625
11.2976833333333,163534.984375
11.31635,157946.765625
11.3350333333333,163288.90625
11.3537,169014.875
11.3723666666667,170490.484375
11.39105,165146.6875
11.4097166666667,169541.4375
11.4283833333333,166008.625
11.4470666666667,169748.734375
11.4657333333333,172563.296875
11.4844166666667,167461.953125
11.5030833333333,168725.90625
11.52175,164939.296875
11.5404333333333,165995.25
11.5591,161557.515625
11.5777833333333,161481.484375
11.59645,161319.21875
11.6151166666667,165751.375
11.6338,166224.671875
11.6524666666667,162932.125
11.6711333333333,162008.46875
11.6898166666667,165218.03125
11.7084833333333,172258.375
11.7271666666667,170429.53125
11.7458333333333,166654.03125
11.7645,167306.328125
11.7831833333333,176831.671875
11.80185,169448.890625
11.8205333333333,167886.90625
11.8392,169839.515625
11.8578666666667,164507.125
11.87655,163259.65625
11.8952166666667,164160.265625
11.9139,166113.4375
11.9325666666667,167247.734375
11.9512333333333,166057.375
11.9699166666667,162728.796875
11.9885833333333,173402.515625
12.0072666666667,176754.25
12.0259333333333,177557.09375
12.0446,177535.46875
12.0632833333333,175319.359375
12.08195,174277.734375
12.1006166666667,175696.40625
12.1193,174880.875
12.1379666666667,168641.015625
12.15665,173135.078125
12.1753166666667,177414.015625
12.1939833333333,180479.453125
12.2126666666667,173372.796875
12.2313333333333,171841.15625
12.2500166666667,168859.96875
12.2686833333333,174070.890625
12.28735,173539.015625
12.3060333333333,167081.171875
12.3247,171997.234375
12.3433833333333,168366.59375
12.36205,169225.046875
12.3807166666667,176619.53125
12.3994,173116.9375
12.4180666666667,170258.890625
12.4367333333333,166417.71875
12.4554166666667,173416.25
12.4740833333333,169248.265625
12.4927666666667,169773.09375
12.5114333333333,174768.3125
12.5301,178433.796875
12.5487833333333,174058.6875
12.56745,170474.46875
12.5861333333333,177972.5
12.6048,184671.828125
12.6234666666667,182428.40625
12.64215,186901.96875
12.6608166666667,183603.3125
12.6795,172109.46875
12.6981666666667,176669.859375
12.7168333333333,175660.609375
12.7355166666667,174380.765625
12.7541833333333,183811.21875
12.77285,189878.609375
12.7915333333333,184170.4375
12.8102,182830.5
12.8288833333333,186776.859375
12.84755,191415.859375
12.8662166666667,183909.59375
12.8849,179398.234375
12.9035666666667,172518.484375
12.9222333333333,173357.1875
12.9409166666667,181576.765625
12.9595833333333,181404
12.9782666666667,179050.65625
12.9969333333333,185449.46875
13.0156,184873.296875
13.0342833333333,187232.609375
13.05295,186741.6875
13.0716333333333,186985.359375
13.0903,182030.078125
13.1089666666667,176565.375
13.12765,174306.125
13.1463166666667,176980.078125
13.165,180191.859375
13.1836666666667,183015.6875
13.2023333333333,178827.6875
13.2210166666667,184182.15625
13.2396833333333,186249.1875
13.25835,187652
13.2770333333333,191951.171875
13.2957,216206.921875
13.3143833333333,270045.125
13.33305,329464.125
13.3517166666667,447204.375
13.3704,584234.0625
13.3890666666667,777838.75
13.4077333333333,953701.9375
13.4264166666667,1141577.375
13.4450833333333,1302029.5
13.4637666666667,1376145.75
13.4824333333333,1353017.125
13.5011,1200517.375
13.5197833333333,988519.8125
13.53845,739120.8125
13.5571166666667,534638.5625
13.5758,417601.0625
13.5944666666667,344008.5
13.6131333333333,304143.65625
13.6318166666667,278719.28125
13.6504833333333,283023.59375
13.66915,281783.8125
13.6878333333333,272327.5625
13.7065,264137.0625
13.7251833333333,245038.421875
13.74385,239461.359375
13.7625166666667,233748.8125
13.7812,224122.28125
13.7998666666667,221636.4375
13.81855,216674.703125
13.8372166666667,209350.6875
13.8558833333333,201704.25
13.8745666666667,198526.78125
13.8932333333333,198199.4375
13.9119,197661.640625
13.9305833333333,198483.21875
13.94925,195099.96875
13.9679333333333,195458.171875
13.9866,203521.21875
14.0052666666667,201481.53125
14.02395,196458.015625
14.0426166666667,196231.734375
14.0612833333333,196769.234375
14.0799666666667,191862.875
14.0986333333333,192612.453125
14.1173166666667,186083.640625
14.1359833333333,185042.90625
14.15465,191622.546875
14.1733333333333,194235.46875
14.192,188555.59375
14.2106833333333,183744.40625
14.22935,184034.59375
14.2480166666667,188242.03125
14.2667,192041.03125
14.2853666666667,184574
14.30405,184292.796875
14.3227166666667,179758.90625
14.3413833333333,179147
14.3600666666667,181758.828125
14.3787333333333,183493
14.3974,180220.1875
14.4160833333333,191477.109375
14.43475,185186
14.4534333333333,180484.140625
14.4721,186475.546875
14.4907666666667,183422.71875
14.50945,183840.96875
14.5281166666667,190122.296875
14.5467833333333,192637.890625
14.5654666666667,188735.90625
14.5841333333333,186956.96875
14.6028166666667,184187.296875
14.6214833333333,184446.65625
14.64015,185073.71875
14.6588333333333,187751.046875
14.6775,191631.046875
14.6961833333333,191028
14.71485,198943.96875
14.7335166666667,202560.4375
14.7522,201162.8125
14.7708666666667,197464.15625
14.7895333333333,205228.171875
14.8082166666667,210722.28125
14.8268833333333,203486.890625
14.8455666666667,199468.234375
14.8642333333333,201318.75
14.8829,188207.875
14.9015833333333,192870.609375
14.92025,186730.328125
14.9389333333333,187422.09375
14.9576,188285.5
14.9762666666667,196564.546875
14.99495,184858.890625
15.0136166666667,191111.90625
15.0322833333333,186278.140625
15.0509666666667,188669.59375
15.0696333333333,194912.734375
15.0883166666667,198235.40625
15.1069833333333,189322.71875
15.12565,187892.65625
15.1443333333333,186620.015625
15.163,186498.578125
15.1816666666667,182538.078125
15.20035,189358.90625
15.2190166666667,192890.40625
15.2377,190504.375
15.2563666666667,193954.59375
15.2750333333333,192893.859375
15.2937166666667,191372.21875
15.3123833333333,202701.953125
15.33105,190313.234375
15.3497333333333,185683.21875
15.3684,185677.859375
15.3870833333333,187052.609375
15.40575,183965.96875
15.4244166666667,187646.15625
15.4431,189367.8125
15.4617666666667,186156.078125
15.4804333333333,177718.515625
15.4991166666667,182095.5
15.5177833333333,187397.65625
15.5364666666667,184065.859375
15.5551333333333,189736.71875
15.5738,189562
15.5924833333333,189513.328125
15.61115,187618.59375
15.6298333333333,193039.578125
15.6485,194470.046875
15.6671666666667,202391.734375
15.68585,201473.75
15.7045166666667,202611.671875
15.7231833333333,202672.71875
15.7418666666667,202466.4375
15.7605333333333,191845.4375
15.7792166666667,189977.390625
15.7978833333333,181711.21875
15.81655,184129.515625
15.8352333333333,184440.46875
15.8539,184097.8125
15.8725833333333,183262.40625
15.89125,184259.59375
15.9099166666667,180818.875
15.9286,182333.578125
15.9472666666667,185174.3125
15.9659333333333,183888.4375
15.9846166666667,174968.953125
16.0032833333333,179990.671875
16.0219666666667,177619.296875
16.0406333333333,186547.21875
16.0593,184099.453125
16.0779833333333,185393.890625
16.09665,182270.59375
16.1153333333333,177578.53125
16.134,180836.5
16.1526666666667,183692.234375
16.17135,183419.65625
16.1900166666667,181939.046875
16.2086833333333,184574.71875
16.2273666666667,181114.875
16.2460333333333,182669.109375
16.2647166666667,187849.015625
16.2833833333333,190602.859375
16.30205,189923.8125
16.3207333333333,183979.375
16.3394,179204.515625
16.3580833333333,180619.890625
16.37675,180827.875
16.3954166666667,177463.8125
16.4141,186938.640625
16.4327666666667,182505.078125
16.4514333333333,184039.046875
16.4701166666667,185757.53125
16.4887833333333,183269.40625
16.5074666666667,183020.125
16.5261333333333,185524.828125
16.5448,183349.8125
16.5634833333333,187137.9375
16.58215,186724.296875
16.6008166666667,192723.03125
16.6195,191289.1875
16.6381666666667,194231.21875
16.65685,188761.078125
16.6755166666667,190763.8125
16.6941833333333,190017.71875
16.7128666666667,190311.640625
16.7315333333333,192944.234375
16.7502166666667,184642.640625
16.7688833333333,186999.140625
16.78755,182121.375
16.8062333333333,184179.734375
16.8249,187150.375
16.8435666666667,189734.46875
16.86225,187477.953125
16.8809166666667,183377.65625
16.8996,191908.515625
16.9182666666667,191422.609375
16.9369333333333,192406.890625
16.9556166666667,188142.671875
16.9742833333333,187982.171875
16.99295,182949.828125
17.0116333333333,190145.75
17.0303,190127.6875
17.0489833333333,182673.609375
17.06765,189771.21875
17.0863166666667,188418.375
17.105,183100.25
17.1236666666667,189729.390625
17.14235,191391.296875
17.1610166666667,189616.234375
17.1796833333333,188749.078125
17.1983666666667,188896.9375
17.2170333333333,192303.109375
17.2357,193608.09375
17.2543833333333,193736.546875
17.27305,204564.109375
17.2917333333333,202966.375
17.3104,209236.390625
17.3290666666667,209472.890625
17.34775,215502.75
17.3664166666667,209555.78125
17.3851,215906.921875
17.4037666666667,212028.890625
17.4224333333333,208873.1875
17.4411166666667,209327.21875
17.4597833333333,206307.15625
17.47845,198564.359375
17.4971333333333,199693.65625
17.5158,200539.21875
17.5344666666667,195331.5
17.55315,203235.296875
17.5718166666667,202917.078125
17.5905,202502.9375
17.6091666666667,209767.09375
17.6278333333333,208712.890625
17.6465166666667,208404.359375
17.6651833333333,207492.953125
17.68385,208489.671875
17.7025333333333,207616.234375
17.7212,199630
17.7398833333333,207305.1875
17.75855,211000.15625
17.7772166666667,212287.3125
17.7959,206233.296875
17.8145666666667,208985.296875
17.83325,206663.21875
17.8519166666667,210592.796875
17.8705833333333,212928.921875
17.8892666666667,216421.734375
17.9079333333333,214039.171875
17.9266,214318.234375
17.9452833333333,212470.296875
17.96395,222127.671875
17.9826333333333,214692.75
18.0013,220010.859375
18.0199666666667,216238.4375
18.03865,222156.5
18.0573166666667,224668.640625
18.076,217897.28125
18.0946666666667,219653.59375
18.1133333333333,216766.59375
18.1320166666667,211935.421875
18.1506833333333,212376.875
18.16935,223673.859375
18.1880333333333,215968.921875
18.2067,215225.59375
18.2253833333333,222790.96875
18.24405,220746.1875
18.2627166666667,217434.15625
18.2814,213638.859375
18.3000666666667,208321.5
18.3187333333333,215139.171875
18.3374166666667,214476.921875
18.3560833333333,207138.046875
18.3747666666667,205686.375
18.3934333333333,202738.5625
18.4121,209220.515625
18.4307833333333,204036.375
18.44945,206778.0625
18.4681166666667,207810.640625
18.4868,205980.453125
18.5054666666667,199297.9375
18.52415,206738.859375
18.5428166666667,206545.171875
18.5614833333333,208586.5625
18.5801666666667,197203.796875
18.5988333333333,200339.640625
18.6175,200247.53125
18.6361833333333,199108.859375
18.65485,191876.375
18.6735333333333,202452.375
18.6922,199904.3125
18.7108666666667,202191.09375
18.72955,204260.875
18.7482166666667,199656.5
18.7668833333333,200805.03125
18.7855666666667,199743.640625
18.8042333333333,193737.1875
18.8229166666667,203378.375
18.8415833333333,200076.8125
18.86025,201404.28125
18.8789333333333,202791.8125
18.8976,200753.53125
18.9162666666667,202872.609375
18.93495,198508.59375
18.9536166666667,202261.359375
18.9723,197983.09375
18.9909666666667,195977.046875
19.0096333333333,194146.015625
19.0283166666667,196372.546875
19.0469833333333,196737.5
19.0656666666667,196977.171875
19.0843333333333,195884.109375
19.103,195080.359375
19.1216833333333,196929.15625
19.14035,198345
19.1590166666667,207932.65625
19.1777,200166.359375
19.1963666666667,201453.75
19.21505,203426.453125
19.2337166666667,202949.28125
19.2523833333333,198155.25
19.2710666666667,205161.953125
19.2897333333333,204844.671875
19.3084,203654.421875
19.3270833333333,198265.578125
19.34575,209742.328125
19.3644333333333,213074.46875
19.3831,204594.015625
19.4017666666667,200917.65625
19.42045,196860.65625
19.4391166666667,195408.609375
19.4577833333333,196969.09375
19.4764666666667,194470.234375
19.4951333333333,199477
19.5138166666667,193931
19.5324833333333,196249.28125
19.55115,197666.78125
19.5698333333333,196309.6875
19.5885,202559.1875
19.6071833333333,202464.140625
19.62585,202767.796875
19.6445166666667,198207.65625
19.6632,202640.546875
19.6818666666667,203624.171875
19.7005333333333,202664.59375
19.7192166666667,194373.03125
19.7378833333333,197796.640625
19.7565666666667,200381.875
19.7752333333333,194397.6875
19.7939,198076.75
19.8125833333333,197958.21875
19.83125,191717.375
19.8499333333333,193628.09375
19.8686,199395.953125
19.8872666666667,199131.046875
19.90595,200971.96875
19.9246166666667,198582.46875
19.9432833333333,203693.03125
19.9619666666667,199714.453125
19.9806333333333,203548.171875
19.9993166666667,204148.8125
20.0179833333333,206963.375
20.03665,193800.015625
20.0553333333333,198847.15625
20.074,204558.40625
20.0926666666667,196368.59375
20.11135,200577.546875
20.1300166666667,202334.234375
20.1487,201263.609375
20.1673666666667,202911.1875
20.1860333333333,199777.78125
20.2047166666667,194951.40625
20.2233833333333,202653.859375
20.2420666666667,206108.3125
20.2607333333333,200604.03125
20.2794,198200.671875
20.2980833333333,201873.3125
20.31675,201038.078125
20.3354166666667,201320.359375
20.3541,200408.078125
20.3727666666667,199971.09375
20.39145,200966.453125
20.4101166666667,207481.890625
20.4287833333333,200474.796875
20.4474666666667,200525.890625
20.4661333333333,198185
20.4848166666667,206690.609375
20.5034833333333,201773.734375
20.52215,201230.546875
20.5408333333333,204074.015625
20.5595,206821.3125
20.5781666666667,214846.578125
20.59685,212752.875
20.6155166666667,209385.890625
20.6342,210353.0625
20.6528666666667,216819.96875
20.6715333333333,211450.59375
20.6902166666667,216854.109375
20.7088833333333,208313.609375
20.7275666666667,217106.296875
20.7462333333333,217953.015625
20.7649,219139.734375
20.7835833333333,222594.296875
20.80225,221684.8125
20.8209166666667,217296.640625
20.8396,202327.609375
20.8582666666667,202754.8125
20.87695,205141.828125
20.8956166666667,206280.46875
20.9142833333333,207412.671875
20.9329666666667,209608.6875
20.9516333333333,217807.75
20.9703,209118.6875
20.9889833333333,209528.375
21.00765,215004.296875
21.0263333333333,207021.875
21.045,211531.453125
21.0636666666667,206790.390625
21.08235,209199.59375
21.1010166666667,213170
21.1196833333333,206201.015625
21.1383666666667,204048.9375
21.1570333333333,206088.15625
21.1757166666667,212369.078125
21.1943833333333,214440
21.21305,207272.140625
21.2317333333333,204033.75
21.2504,200706.671875
21.2690833333333,205158.15625
21.28775,209490.375
21.3064166666667,208594.171875
21.3251,210465.953125
21.3437666666667,210400.359375
21.3624333333333,205678.71875
21.3811166666667,207415.0625
21.3997833333333,208463.46875
21.4184666666667,203928.15625
21.4371333333333,203141.296875
21.4558,214204.078125
21.4744833333333,207971.375
21.49315,202203.046875
21.5118333333333,208315.296875
21.5305,216774.109375
21.5491666666667,214029.9375
21.56785,215644.46875
21.5865166666667,216020.109375
21.6051833333333,209333.3125
21.6238666666667,215020.28125
21.6425333333333,210307.890625
21.6612166666667,208130.640625
21.6798833333333,210309.421875
21.69855,214336.5625
21.7172333333333,219788.796875
21.7359,216516.53125
21.7545666666667,217535.046875
21.77325,218188.515625
21.7919166666667,214333.140625
21.8106,216923.71875
21.8292666666667,218298.171875
21.8479333333333,217739.03125
21.8666166666667,218045.140625
21.8852833333333,226036.3125
21.9039666666667,220549.859375
21.9226333333333,221613.515625
21.9413,222414.640625
21.9599833333333,223916.578125
21.97865,230567.53125
21.9973166666667,240451.671875
22.016,245167.21875
22.0346666666667,248789.71875
22.05335,249921.765625
22.0720166666667,255759.078125
22.0906833333333,256094.5625
22.1093666666667,252236.703125
22.1280333333333,256985.21875
22.1467,248251.65625
22.1653833333333,246756.734375
22.18405,244376.421875
22.2027333333333,250006.578125
22.2214,258848.453125
22.2400666666667,257218.5
22.25875,243775.953125
22.2774166666667,253533.671875
22.2960833333333,248719.796875
22.3147666666667,250094.03125
22.3334333333333,254171.671875
22.3521166666667,247653
22.3707833333333,247611.0625
22.38945,252536.296875
22.4081333333333,250742.359375
22.4268,246928.921875
22.4454666666667,259912.375
22.46415,237368.203125
22.4828166666667,239366.640625
22.5015,234683.875
22.5201666666667,233456.03125
22.5388333333333,226947.109375
22.5575166666667,237411.59375
22.5761833333333,228037.875
22.59485,225860.421875
22.6135333333333,234868.578125
22.6322,227649.734375
22.6508833333333,228382.5
22.66955,225715.578125
22.6882166666667,222284.734375
22.7069,226007.25
22.7255666666667,220487.9375
22.7442333333333,217621.78125
22.7629166666667,220251.109375
22.7815833333333,221483.71875
22.8002666666667,225577.3125
22.8189333333333,225185.21875
22.8376,229140.25
22.8562833333333,220600.78125
22.87495,214384.390625
22.8936166666667,217704.5625
22.9123,224737.25
22.9309666666667,224110.859375
22.94965,217361.171875
22.9683166666667,218079.640625
22.9869833333333,211335.28125
23.0056666666667,217656.65625
23.0243333333333,223599.71875
23.0430166666667,223828.359375
23.0616833333333,222421.46875
23.08035,223825.796875
23.0990333333333,215234.953125
23.1177,217956.4375
23.1363666666667,217728.328125
23.15505,215046.609375
23.1737166666667,218635.453125
23.1924,228292.078125
23.2110666666667,214770.21875
23.2297333333333,217603.359375
23.2484166666667,219203.875
23.2670833333333,223180.921875
23.28575,217021.359375
23.3044333333333,221490.171875
23.3231,218039.921875
23.3417833333333,218065.96875
23.36045,208496.09375
23.3791166666667,212457.03125
23.3978,212902.296875
23.4164666666667,218494.609375
23.4351333333333,222677.3125
23.4538166666667,220048.890625
23.4724833333333,220829.203125
23.4911666666667,213404.375
23.5098333333333,221363.421875
23.5285,223876.890625
23.5471833333333,218012.75
23.56585,223684.28125
23.5845166666667,218818.4375
23.6032,225400.5
23.6218666666667,221420.203125
23.64055,218974.296875
23.6592166666667,224417.03125
23.6778833333333,226814.234375
23.6965666666667,220101.703125
23.7152333333333,217637.21875
23.7339,221675.734375
23.7525833333333,217935.640625
23.77125,219285.203125
23.7899333333333,223361.828125
23.8086,221558.15625
23.8272666666667,214337.875
23.84595,212008.296875
23.8646166666667,215752.0625
23.8832833333333,215325.796875
23.9019666666667,226468.46875
23.9206333333333,220590.953125
23.9393166666667,221570.9375
23.9579833333333,224185.96875
23.97665,215493.71875
23.9953333333333,223760
24.014,223315.8125
24.0326666666667,219505.171875
24.05135,225887.453125
24.0700166666667,227498.421875
24.0887,223718.8125
24.1073666666667,215578.6875
24.1260333333333,223336.96875
24.1447166666667,214170.875
24.1633833333333,209644.53125
24.1820666666667,221909.890625
24.2007333333333,222348.953125
24.2194,218171.515625
24.2380833333333,220187.453125
24.25675,216553.515625
24.2754166666667,220300.09375
24.2941,228242.234375
24.3127666666667,222573.875
24.33145,218712.734375
24.3501166666667,221847.8125
24.3687833333333,221417.421875
24.3874666666667,224730.5
24.4061333333333,218368.21875
24.4248,221313.5
24.4434833333333,222044.515625
24.46215,222192.453125
24.4808333333333,223675.234375
24.4995,222204.109375
24.5181666666667,221931.078125
24.53685,224660.75
24.5555166666667,223829.375
24.5742,225860.296875
24.5928666666667,222772.03125
24.6115333333333,225006.296875
24.6302166666667,221852.515625
24.6488833333333,229084.609375
24.66755,226535.53125
24.6862333333333,223269.703125
24.7049,220073.953125
24.7235833333333,223524.671875
24.74225,221652.703125
24.7609166666667,223542.78125
24.7796,228058.8125
24.7982666666667,233504
24.8169333333333,236695.234375
24.8356166666667,236596.953125
24.8542833333333,232197.734375
24.8729666666667,239916.53125
24.8916333333333,245541.5
24.9103,245531.875
24.9289833333333,242360.921875
24.94765,253526.515625
24.9663166666667,255460.59375
24.985,245437.484375
25.0036666666667,243842.15625
25.0223333333333,237476.703125
25.0410166666667,240118.578125
25.0596833333333,240941.96875
25.0783666666667,239801.421875
25.0970333333333,246157.3125
25.1157,241909.421875
25.1343833333333,243764.859375
25.15305,240995.65625
25.1717166666667,249351.84375
25.1904,247833
25.2090666666667,257592.5
25.22775,264243.40625
25.2464166666667,265806.25
25.2650833333333,266008.625
25.2837666666667,268805.6875
25.3024333333333,283022.59375
25.3211,282249.40625
25.3397833333333,278068.8125
25.35845,272265.96875
25.3771166666667,272023.125
25.3958,261024.9375
25.4144666666667,265630.75
25.43315,256860.4375
25.4518166666667,255542.125
25.4704833333333,248773.578125
25.4891666666667,246376.140625
25.5078333333333,236188.140625
25.5265,242235.15625
25.5451833333333,242670.203125
25.56385,233870.703125
25.5825333333333,245249.890625
25.6012,247241.953125
25.6198666666667,237577
25.63855,245551.5
25.6572166666667,236484.78125
25.6758833333333,238995.734375
25.6945666666667,238131.015625
25.7132333333333,243642.53125
25.7319166666667,237162.203125
25.7505833333333,234978.34375
25.76925,240926.5
25.7879333333333,250475.734375
25.8066,240037.671875
25.8252666666667,244923.3125
25.84395,239960.703125
25.8626166666667,234895.359375
25.8813,241985.578125
25.8999666666667,248565.421875
25.9186333333333,248370.390625
25.9373166666667,248942.890625
25.9559833333333,239532.78125
25.97465,247616.75
25.9933333333333,244529.671875
26.012,242606.3125
26.0306833333333,245791.15625
26.04935,249773.21875
26.0680166666667,247498.265625
26.0867,247107.609375
26.1053666666667,242352.078125
26.1240333333333,244357.65625
26.1427166666667,255527.4375
26.1613833333333,252613.578125
26.1800666666667,245885.359375
26.1987333333333,245125.65625
26.2174,242239.5625
26.2360833333333,241183.609375
26.25475,232213.5625
26.2734166666667,225299.96875
26.2921,227363.09375
26.3107666666667,233064.84375
26.3294333333333,235917.359375
26.3481166666667,230236.953125
26.3667833333333,227677.234375
26.3854666666667,227378.09375
26.4041333333333,232309.71875
26.4228,232782.734375
26.4414833333333,241958.84375
26.46015,232841.875
26.4788166666667,232954.015625
26.4975,252716.3125
26.5161666666667,270259.375
26.53485,280085.1875
26.5535166666667,263195.1875
26.5721833333333,272694.21875
26.5908666666667,264589.625
26.6095333333333,242871.140625
26.6282,236767.59375
26.6468833333333,240934.390625
26.66555,239535.296875
26.6842166666667,235785.078125
26.7029,242623.4375
26.7215666666667,240197.625
26.74025,240332.234375
26.7589166666667,242906.5
26.7775833333333,253170.625
26.7962666666667,259624.5625
26.8149333333333,274091.125
26.8336,299023.875
26.8522833333333,317160.34375
26.87095,345833.6875
26.8896333333333,377509.75
26.9083,459529.40625
26.9269666666667,476177.4375
26.94565,529198.75
26.9643166666667,598490.875
26.9829833333333,631535.75
27.0016666666667,671961.4375
27.0203333333333,655243.875
27.039,670262.625
27.0576833333333,654128.5625
27.07635,591745.75
27.0950166666667,536583.8125
27.1137,516204.6875
27.1323666666667,425143.9375
27.15105,386605.125
27.1697166666667,361503.15625
27.1883833333333,309796.25
27.2070666666667,302379.59375
27.2257333333333,288899.21875
27.2444,278836.875
27.2630833333333,258010.265625
27.28175,252250.34375
27.3004166666667,261521.09375
27.3191,258525.8125
27.3377666666667,255767.015625
27.35645,254069.203125
27.3751166666667,253961.375
27.3937833333333,239043.25
27.4124666666667,253345.59375
27.4311333333333,253921.484375
27.4498,249372.921875
27.4684833333333,253084.578125
27.48715,250022.140625
27.5058166666667,244794.109375
27.5245,253645.84375
27.5431666666667,245152.140625
27.56185,242152.65625
27.5805166666667,244412.3125
27.5991833333333,245264.65625
27.6178666666667,244855.015625
27.6365333333333,242555.28125
27.6552,236775.53125
27.6738833333333,237156
27.69255,241021.359375
27.7112333333333,241163.390625
27.7299,244736.890625
27.7485666666667,241405.140625
27.76725,238858.859375
27.7859166666667,243526.515625
27.8045833333333,249443.796875
27.8232666666667,241091.84375
27.8419333333333,232876
27.8606,228938.921875
27.8792833333333,233631.5
27.89795,239641.484375
27.9166333333333,239996.203125
27.9353,231242.5625
27.9539666666667,238701.640625
27.97265,247088.234375
27.9913166666667,239243.59375
28.0099833333333,237286.859375
28.0286666666667,245544.671875
28.0473333333333,245013.453125
28.0660166666667,244853.625
28.0846833333333,235895.859375
28.10335,240946.078125
28.1220333333333,237779.234375
28.1407,233065.5
28.1593666666667,236224.859375
28.17805,234828.46875
28.1967166666667,236400.578125
28.2154,236596.59375
28.2340666666667,239287.484375
28.2527333333333,241206.09375
28.2714166666667,233968.5625
28.2900833333333,238483.734375
28.30875,241028.171875
28.3274333333333,239759.4375
28.3461,244530.75
28.3647666666667,240317.953125
28.38345,231928.015625
28.4021166666667,225794.8125
28.4208,230931.796875
28.4394666666667,241641.234375
28.4581333333333,240392.21875
28.4768166666667,241017.359375
28.4954833333333,253909.421875
28.51415,238494.296875
28.5328333333333,235622.015625
28.5515,240885.53125
28.5701833333333,237874.28125
28.58885,247925.015625
28.6075166666667,242066.25
28.6262,241001.734375
28.6448666666667,230048.4375
28.6635333333333,230581.640625
28.6822166666667,239016
28.7008833333333,246201.703125
28.7195666666667,241058.890625
28.7382333333333,237538.953125
28.7569,236670.734375
28.7755833333333,244626.890625
28.79425,249704.28125
28.8129166666667,244197.59375
28.8316,237931.453125
28.8502666666667,237795.953125
28.8689333333333,253934.3125
28.8876166666667,254140.171875
28.9062833333333,249156.953125
28.9249666666667,246185.03125
28.9436333333333,244928.421875
28.9623,249601.34375
28.9809833333333,251977.0625
28.99965,251982.625
29.0183166666667,240055.515625
29.037,237266.875
29.0556666666667,244280.578125
29.07435,241678.890625
29.0930166666667,236490.140625
29.1116833333333,239233.21875
29.1303666666667,245674.53125
29.1490333333333,253716.5
29.1677,252458.734375
29.1863833333333,249876.875
29.20505,247075.53125
29.2237333333333,240812.703125
29.2424,251630.640625
29.2610666666667,251478.28125
29.27975,268359.75
29.2984166666667,300530.09375
29.3170833333333,353883.34375
29.3357666666667,401650.0625
29.3544333333333,455578.21875
29.3731166666667,494210.5625
29.3917833333333,495282.15625
29.41045,470882.375
29.4291333333333,423133.40625
29.4478,396391.4375
29.4664666666667,354478.15625
29.48515,330358.875
29.5038166666667,317375.96875
29.5224833333333,315119.125
29.5411666666667,306641.15625
29.5598333333333,305516.15625
29.5785166666667,304022.6875
29.5971833333333,308918.125
29.61585,297779.0625
29.6345333333333,291806.53125
29.6532,285868.875
29.6718666666667,286990.90625
29.69055,281913.6875
29.7092166666667,289603.46875
29.7278833333333,282336.0625
29.7465666666667,273061.6875
29.7652333333333,275066.84375
29.7839166666667,278325.15625
29.8025833333333,289699.6875
29.82125,297532.25
29.8399333333333,294041.59375
29.8586,288369.0625
29.8772666666667,291121.1875
29.89595,288620.6875
29.9146166666667,269225.28125
29.9332833333333,269533.78125
29.9519666666667,266374.0625
29.9706333333333,272873
29.9893166666667,270125.59375
30.0079833333333,268797.1875
30.02665,270904.15625
30.0453333333333,274075.3125
30.064,256525.09375
30.0826666666667,264288.59375
30.10135,267082.125
30.1200166666667,270591.25
30.1386833333333,267986.1875
30.1573666666667,266800.875
30.1760333333333,268909.09375
30.1947166666667,267508.28125
30.2133833333333,260374.265625
30.23205,268973.28125
30.2507333333333,267672.15625
30.2694,255688.921875
30.2880666666667,256925.4375
30.30675,264924.5
30.3254166666667,275589.625
30.3440833333333,263488.125
30.3627666666667,265879.71875
30.3814333333333,263721.6875
30.4001166666667,269268.34375
30.4187833333333,270487.09375
30.43745,273527.125
30.4561333333333,267851.03125
30.4748,268146.65625
30.4934666666667,266530.40625
30.51215,267874.59375
30.5308166666667,262059.171875
30.5495,254536.921875
30.5681666666667,262482.5625
30.5868333333333,267377.3125
30.6055166666667,257099.703125
30.6241833333333,262573.875
30.64285,266642.65625
30.6615333333333,269337.9375
30.6802,263431.53125
30.6988833333333,253428.890625
30.71755,260981.625
30.7362166666667,274301.5625
30.7549,268472.78125
30.7735666666667,251765.25
30.7922333333333,264479.9375
30.8109166666667,261978.859375
30.8295833333333,259169.21875
30.84825,259868.921875
30.8669333333333,263857.4375
30.8856,260150.671875
30.9042833333333,263797.125
30.92295,264373.03125
30.9416166666667,263751.25
30.9603,256550.296875
30.9789666666667,259213.78125
30.9976333333333,264773.21875
31.0163166666667,262273.34375
31.0349833333333,272761.21875
31.05365,262942.875
31.0723333333333,268610.90625
31.091,276553.1875
31.1096833333333,264169.90625
31.12835,271632.59375
31.1470166666667,263639.53125
31.1657,267337.15625
31.1843666666667,274316.53125
31.2030333333333,268497.53125
31.2217166666667,263655.03125
31.2403833333333,261097.84375
31.2590666666667,271143.25
31.2777333333333,268932
31.2964,268795.03125
31.3150833333333,279870.28125
31.33375,260389.15625
31.3524166666667,267617.375
31.3711,269288.125
31.3897666666667,267833.1875
31.40845,267999.1875
31.4271166666667,265851.875
31.4457833333333,265823.6875
31.4644666666667,277162.875
31.4831333333333,276085.46875
31.5018,268831.125
31.5204833333333,270090.625
31.53915,277394.75
31.5578166666667,270166.03125
31.5765,270565.1875
31.5951666666667,272650.40625
31.61385,294303.15625
31.6325166666667,312826.53125
31.6511833333333,347096.03125
31.6698666666667,351428.4375
31.6885333333333,353953.84375
31.7072,326468.375
31.7258833333333,295976
31.74455,280559.875
31.7632166666667,284444.46875
31.7819,286095.25
31.8005666666667,273132.375
31.81925,271727.84375
31.8379166666667,277769.75
31.8565833333333,277412.65625
31.8752666666667,274907.34375
31.8939333333333,267123.34375
31.9126,273623.1875
31.9312833333333,277871.6875
31.94995,270581.625
31.9686166666667,277556.625
31.9873,274755.46875
32.0059666666667,280519.75
32.02465,275633.21875
32.0433166666667,270510.53125
32.0619833333333,276058.0625
32.0806666666667,273160.96875
32.0993333333333,273078.84375
32.118,271124.5
32.1366833333333,272214.90625
32.15535,279014.03125
32.1740333333333,277039.28125
32.1927,270831.15625
32.2113666666667,272864.15625
32.23005,277210.03125
32.2487166666667,269503.46875
32.2673833333333,273978.84375
32.2860666666667,276988.125
32.3047333333333,272842.6875
32.3234,263813.53125
32.3420833333333,276797.34375
32.36075,266871.8125
32.3794333333333,272337.375
32.3981,268820.375
32.4167666666667,262395.625
32.43545,271154.6875
32.4541166666667,273863.84375
32.4727833333333,266164.53125
32.4914666666667,268876.78125
32.5101333333333,268702.4375
32.5288166666667,270755.8125
32.5474833333333,266005.40625
32.56615,266864.46875
32.5848333333333,269720.09375
32.6035,276432.375
32.6221666666667,278147.5625
32.64085,263778.84375
32.6595166666667,265869.28125
32.6781833333333,260067.78125
32.6968666666667,267339.75
32.7155333333333,273403.4375
32.7342166666667,268200.9375
32.7528833333333,264635.03125
32.77155,258324.59375
32.7902333333333,271756.3125
32.8089,271355.8125
32.8275666666667,263393.96875
32.84625,263743.4375
32.8649166666667,277518.96875
32.8835833333333,286609.0625
32.9022666666667,294092.65625
32.9209333333333,302961.09375
32.9396166666667,295164.53125
32.9582833333333,303491.96875
32.97695,275265.125
32.9956333333333,267300.5
33.0143,273350.78125
33.0329666666667,281790.28125
33.05165,268336.03125
33.0703166666667,276786.625
33.089,273552.25
33.1076666666667,265954.1875
33.1263333333333,271079.96875
33.1450166666667,269048.03125
33.1636833333333,270433.96875
33.18235,263491.1875
33.2010333333333,265630.0625
33.2197,264542.625
33.2383666666667,270835.75
33.25705,272033.28125
33.2757166666667,269930.53125
33.2944,267032.09375
33.3130666666667,271292.03125
33.3317333333333,274430.21875
33.3504166666667,271321.75
33.3690833333333,279485.96875
33.38775,271832.71875
33.4064333333333,270282.25
33.4251,274622.375
33.4437833333333,264797.9375
33.46245,268743.90625
33.4811166666667,268911.40625
33.4998,269242.125
33.5184666666667,265845
33.5371333333333,264399.125
33.5558166666667,268932.25
33.5744833333333,270163.40625
33.59315,312761.09375
33.6118333333333,411305.90625
33.6305,573708
33.6491666666667,662995.75
33.66785,675457.25
33.6865166666667,591749.625
33.7052,455226.65625
33.7238666666667,364384
33.7425333333333,325709.125
33.7612166666667,297475.53125
33.7798833333333,288845.125
33.79855,277630.15625
33.8172333333333,275045.40625
33.8359,280567.96875
33.8545666666667,281187.25
33.87325,281003.09375
33.8919166666667,270675.1875
33.9106,281379.53125
33.9292666666667,277625.25
33.9479333333333,280958.15625
33.9666166666667,277768.875
33.9852833333333,280183.90625
34.00395,282876.59375
34.0226333333333,280951.78125
34.0413,283493.3125
34.0599666666667,275612.375
34.07865,274540.09375
34.0973166666667,270696.09375
34.116,271503.875
34.1346666666667,266756.25
34.1533333333333,260262.953125
34.1720166666667,274259.8125
34.1906833333333,271952.71875
34.20935,273601.03125
34.2280333333333,280474.5625
34.2467,272800.125
34.2653666666667,282972.40625
34.28405,275687.4375
34.3027166666667,276655.90625
34.3214,273689.25
34.3400666666667,275188.9375
34.3587333333333,271350.9375
34.3774166666667,275848.8125
34.3960833333333,274868.6875
34.41475,269237.0625
34.4334333333333,271256.1875
34.4521,276783.5625
34.4707666666667,280047.40625
34.48945,270109.75
34.5081166666667,283622.6875
34.5268,273222.5
34.5454666666667,270641.6875
34.5641333333333,271909.75
34.5828166666667,264648.53125
34.6014833333333,266900.53125
34.62015,263855.25
34.6388333333333,262444.5
34.6575,262725.5
34.6761833333333,274558.28125
34.69485,275865.15625
34.7135166666667,277322.6875
34.7322,273513.125
34.7508666666667,268434.34375
34.7695333333333,278440.03125
34.7882166666667,281241.1875
34.8068833333333,277524.03125
34.82555,272476.75
34.8442333333333,283593.65625
34.8629,280252.90625
34.8815833333333,275262.8125
34.90025,267606.625
34.9189166666667,268104.6875
34.9376,275712.03125
34.9562666666667,266864.25
34.9749333333333,275219.78125
34.9936166666667,275961.25
35.0122833333333,271151.6875
35.03095,278812.96875
35.0496333333333,276488.96875
35.0683,274051.65625
35.0869833333333,275363.0625
35.10565,274289.9375
35.1243166666667,273032.25
35.143,273368.375
35.1616666666667,276930.90625
35.1803333333333,288491.84375
35.1990166666667,278533.40625
35.2176833333333,289197.875
35.2363666666667,287746.21875
35.2550333333333,294568.03125
35.2737,297610.625
35.2923833333333,302314.84375
35.31105,292618.375
35.3297166666667,282488.9375
35.3484,279387.25
35.3670666666667,288999.3125
35.3857333333333,286980.375
35.4044166666667,280560.8125
35.4230833333333,286182.125
35.4417666666667,279700.09375
35.4604333333333,279487.59375
35.4791,276475.71875
35.4977833333333,280449.6875
35.51645,284211.28125
35.5351166666667,272546.59375
35.5538,272950.46875
35.5724666666667,283944.09375
35.5911333333333,279922.28125
35.6098166666667,281527.90625
35.6284833333333,277506.125
35.6471666666667,271600.59375
35.6658333333333,272064.71875
35.6845,273015.34375
35.7031833333333,283428.6875
35.72185,280523.15625
35.7405166666667,275271.6875
35.7592,275027.5
35.7778666666667,271550.1875
35.7965333333333,272378.6875
35.8152166666667,279585.625
35.8338833333333,287174.875
35.8525666666667,287020.75
35.8712333333333,276198.875
35.8899,278338.71875
35.9085833333333,271363.59375
35.92725,268578.40625
35.9459166666667,268159.78125
35.9646,279701.625
35.9832666666667,279403.03125
36.00195,278734.40625
36.0206166666667,287905.40625
36.0392833333333,280782.53125
36.0579666666667,285638.09375
36.0766333333333,278614.96875
36.0953,283168.78125
36.1139833333333,285394.09375
36.13265,284264.75
36.1513333333333,285160.53125
36.17,280292.125
36.1886666666667,287353.09375
36.20735,282463.46875
36.2260166666667,286940.59375
36.2446833333333,278124.59375
36.2633666666667,275077.25
36.2820333333333,275948.8125
36.3007,271299.3125
36.3193833333333,271339.125
36.33805,279187.4375
36.3567166666667,285072.28125
36.3753833333333,279077.96875
36.3940666666667,278196.90625
36.4127333333333,281765.125
36.4314,274238.125
36.4500666666667,282902.59375
36.46875,284773.75
36.4874166666667,275557.9375
36.5060833333333,289334.0625
36.5247666666667,287132.5
36.5434333333333,281056.71875
36.5621,275952.03125
36.5807833333333,278642.25
36.59945,283393.1875
36.6181166666667,292459.5625
36.6367833333333,294611.75
36.6554666666667,285929.25
36.6741333333333,282827.03125
36.6928166666667,282416.53125
36.7114833333333,286838.6875
36.73015,288010.3125
36.7488333333333,288925.875
36.7675,297624.53125
36.7861666666667,306517.71875
36.80485,299223.40625
36.8235166666667,293185.03125
36.8421833333333,288247.71875
36.8608666666667,289128.75
36.8795333333333,281201.8125
36.8982166666667,282229.75
36.9168833333333,289748.8125
36.93555,289473.375
36.9542333333333,294613.375
36.9729,292123.03125
36.9915666666667,299698.75
37.01025,300443.03125
37.0289166666667,303513.75
37.0476,316231.84375
37.0662666666667,312340.875
37.0849333333333,299949.8125
37.1036166666667,304011.03125
37.1222833333333,312976.1875
37.14095,300755.6875
37.1596333333333,305090.4375
37.1783,309551.96875
37.1969666666667,313616.65625
37.21565,302952.03125
37.2343166666667,303505.4375
37.2529833333333,309579.78125
37.2716666666667,293121.15625
37.2903333333333,297293.9375
37.3090166666667,303146.25
37.3276833333333,298877.96875
37.34635,302024.46875
37.3650333333333,295991.8125
37.3837,298002.96875
37.4023666666667,297371
37.42105,293063
37.4397166666667,294005.9375
37.4583833333333,295548.1875
37.4770666666667,286498.78125
37.4957333333333,287910.1875
37.5144,286740.28125
37.5330833333333,288618.09375
37.55175,291470.15625
37.5704333333333,284177.40625
37.5891,300828.09375
37.6077666666667,301533.34375
37.62645,303298.03125
37.6451166666667,295059.46875
37.6637833333333,292557.21875
37.6824666666667,298617.1875
37.7011333333333,303202.78125
37.7198,296381.15625
37.7384833333333,289529.6875
37.75715,296086.5625
37.7758333333333,282978.96875
37.7945,298263.34375
37.8131666666667,298793.125
37.83185,296767.15625
37.8505166666667,290403.84375
37.8691833333333,289953.65625
37.8878666666667,299859.6875
37.9065333333333,290285.03125
37.9252,296340.34375
37.9438833333333,296293.34375
37.96255,299675.03125
37.9812333333333,304400.03125
37.9999,309410.03125
38.0185666666667,305899.40625
38.03725,312533.46875
38.0559166666667,310519.25
38.0745833333333,305388.15625
38.0932666666667,299504.40625
38.1119333333333,290661.84375
38.1306,296969.65625
38.1492833333333,298669.1875
38.16795,288726.8125
38.1866166666667,294700
38.2053,293261.375
38.2239666666667,302871.3125
38.24265,295173.90625
38.2613166666667,288910.3125
38.2799833333333,297279.03125
38.2986666666667,292137.5
38.3173333333333,295671.375
38.336,301846.375
38.3546833333333,315891.9375
38.37335,315650.65625
38.3920166666667,317262.9375
38.4107,316083.09375
38.4293666666667,306692.5625
38.4480333333333,301816.1875
38.4667166666667,317099.65625
38.4853833333333,302555.65625
38.5040666666667,298562.25
38.5227333333333,297183.40625
38.5414,305698.5625
38.5600833333333,306380.71875
38.57875,306039.625
38.5974166666667,311057.75
38.6161,322577.46875
38.6347666666667,333615.46875
38.6534333333333,333375.9375
38.6721166666667,333609.125
38.6907833333333,328491.40625
38.70945,319176.46875
38.7281166666667,314378.90625
38.7468,299974.96875
38.7654666666667,295022.375
38.7841333333333,303506.75
38.8028166666667,300628.4375
38.8214833333333,303610.375
38.84015,310569.96875
38.8588333333333,303259.375
38.8775,313111.28125
38.8961666666667,304298.96875
38.91485,304224.6875
38.9335166666667,312123.15625
38.9521833333333,314233
38.9708666666667,314698.46875
38.9895333333333,306321.1875
39.0082166666667,303914.03125
39.0268833333333,317711.90625
39.04555,311404.28125
39.0642333333333,308223.4375
39.0829,308512.71875
39.1015666666667,315709.78125
39.12025,324309.0625
39.1389166666667,306567.75
39.1575833333333,306029.1875
39.1762666666667,320210.15625
39.1949333333333,308391.8125
39.2136,312436.21875
39.2322833333333,306676.40625
39.25095,306963.0625
39.2696333333333,309979.59375
39.2883,314308.1875
39.3069666666667,312147.4375
39.32565,311479.09375
39.3443166666667,323564.53125
39.3629833333333,324027.625
39.3816666666667,315976.5625
39.4003333333333,326345.4375
39.419,313692.65625
39.4376833333333,310589.40625
39.45635,310978.4375
39.4750166666667,308744.59375
39.4937,313012.6875
39.5123666666667,307619.1875
39.53105,314155.125
39.5497166666667,314207.71875
39.5683833333333,312217.15625
39.5870666666667,314156.65625
39.6057333333333,308575.375
39.6244,309202.5625
39.6430833333333,314409.875
39.66175,318487.6875
39.6804166666667,307475.9375
39.6991,312710.6875
39.7177666666667,321904.59375
39.73645,315159.6875
39.7551166666667,318062.21875
39.7737833333333,321928.84375
39.7924666666667,314392.71875
39.8111333333333,320603.1875
39.8298,321415.4375
39.8484833333333,315448.53125
39.86715,326198.59375
39.8858166666667,325201.84375
39.9045,317568.0625
39.9231666666667,336230.15625
39.9418333333333,337878.125
39.9605166666667,327445.8125
39.9791833333333,326282.09375
39.9978666666667,323542.53125
40.0165333333333,347632.53125
40.0352,341022.71875
40.0538833333333,337384.15625
40.07255,335046.6875
40.0912166666667,340378.5625
40.1099,336343.40625
40.1285666666667,340892.15625
40.1472333333333,328778.09375
40.1659166666667,328780.375
40.1845833333333,316879.53125
40.20325,324452.28125
40.2219333333333,322737.03125
40.2406,318808.25
40.2592666666667,323170.375
40.27795,326572.625
40.2966166666667,330585.34375
40.3153,334398.0625
40.3339666666667,333311.21875
40.3526333333333,319670.6875
40.3713166666667,321493.59375
40.3899833333333,335418.59375
40.40865,334413.5625
40.4273333333333,341022.03125
40.446,338833.9375
40.4646666666667,346571.375
40.48335,400429
40.5020166666667,487490.75
40.5206833333333,615783.8125
40.5393666666667,741889.75
40.5580333333333,899527.1875
40.5767,870529.1875
40.5953833333333,764595
40.61405,710459.9375
40.6327333333333,556738.4375
40.6514,469054.125
40.6700666666667,421318.09375
40.68875,397125.53125
40.7074166666667,385018.28125
40.7260833333333,357820.875
40.7447666666667,359127.5
40.7634333333333,356812.75
40.7821,365995
40.8007833333333,378232.15625
40.81945,397414.0625
40.8381166666667,422566.15625
40.8568,473100.6875
40.8754666666667,582479.8125
40.8941333333333,720124.875
40.9128166666667,738627.625
40.9314833333333,727868.3125
40.95015,622078.5625
40.9688333333333,559593.875
40.9875,487948.84375
41.0061666666667,416497.875
41.02485,382014.28125
41.0435166666667,378985.0625
41.0622,350396.375
41.0808666666667,350991
41.0995333333333,327214.6875
41.1182166666667,340600.21875
41.1368833333333,340229.25
41.15555,337267.03125
41.1742333333333,335642.09375
41.1929,338431.28125
41.2115666666667,343019.03125
41.23025,346252.34375
41.2489166666667,341128.0625
41.2675833333333,346008.53125
41.2862666666667,339249.75
41.3049333333333,337291.8125
41.3236166666667,344079.875
41.3422833333333,329978.875
41.36095,337390.0625
41.3796333333333,333394.0625
41.3983,327033.28125
41.4169666666667,327348.59375
41.43565,341211.84375
41.4543166666667,335959.75
41.4729833333333,341605.53125
41.4916666666667,344658.03125
41.5103333333333,358782.46875
41.529,357640.40625
41.5476833333333,361988.96875
41.56635,362531.0625
41.5850166666667,363501.625
41.6037,364146.9375
41.6223666666667,372425.0625
41.6410333333333,394569.625
41.6597166666667,479543.65625
41.6783833333333,739720.8125
41.6970666666667,965680.375
41.7157333333333,1277296.75
41.7344,1402455
41.7530833333333,1271486.125
41.77175,1041837
41.7904166666667,758331.6875
41.8091,584188.125
41.8277666666667,448204.15625
41.8464333333333,405668.09375
41.8651166666667,378206.59375
41.8837833333333,392868.90625
41.90245,393350.5
41.9211333333333,407980
41.9398,434352.375
41.9584666666667,531328.0625
41.97715,729280.0625
41.9958166666667,1013492.625
42.0144833333333,1271926.875
42.0331666666667,1388199.75
42.0518333333333,1337238.125
42.0705,1351144.125
42.0891833333333,1564072.625
42.10785,2923024.75
42.1265166666667,4665700.5
42.1452,5482439.5
42.1638666666667,6274995.5
42.1825333333333,6452778
42.2012166666667,7579702
42.2198833333333,6314644.5
42.23855,5917698.5
42.2572333333333,5175785.5
42.2759,4163738.75
42.2945666666667,3325158.25
42.31325,1969368.875
42.3319166666667,1453598.375
42.3505833333333,1118372.625
42.3692666666667,916427.875
42.3879333333333,813471.25
42.4066,805971.125
42.4252833333333,841824.625
42.44395,807849.5625
42.4626166666667,794431.625
42.4813,846463.4375
42.4999666666667,794528.75
42.5186333333333,736679.1875
42.5373166666667,727458.375
42.5559833333333,703217.6875
42.57465,724458.8125
42.5933333333333,709478.5
42.612,638972.5
42.6306666666667,618468
42.64935,587731.9375
42.6680166666667,575455
42.6866833333333,580438.3125
42.7053666666667,535950.0625
42.7240333333333,579760.3125
42.7427,599856.9375
42.7613833333333,551128.3125
42.78005,584670.9375
42.7987166666667,596867.4375
42.8174,582490.5
42.8360666666667,613929.75
42.85475,714927.125
42.8734166666667,703220.625
42.8920833333333,744800.4375
42.9107666666667,746048.6875
42.9294333333333,677127.3125
42.9481,581713.125
42.9667666666667,560765.1875
42.98545,522633.15625
43.0041166666667,509817.0625
43.0228,496042.53125
43.0414666666667,467710.65625
43.0601333333333,451675.125
43.0788166666667,457561.4375
43.0974833333333,471854.78125
43.11615,452736.21875
43.1348333333333,447883.625
43.1535,459320.40625
43.1721666666667,467993.6875
43.19085,463834.65625
43.2095166666667,485769.34375
43.2281833333333,544100.0625
43.2468666666667,575210.6875
43.2655333333333,621243.9375
43.2842,610035
43.3028833333333,602493.625
43.32155,550502.9375
43.3402166666667,520191.375
43.3589,490317.53125
43.3775666666667,486385.75
43.3962333333333,450595.84375
43.4149166666667,438856.6875
43.4335833333333,456232.375
43.45225,461013.71875
43.4709333333333,446168.6875
43.4896,434996.5
43.5082666666667,458752.71875
43.52695,437318.78125
43.5456166666667,435848.84375
43.5642833333333,443368.125
43.5829666666667,428574.375
43.6016333333333,446033.84375
43.6203,435799
43.6389833333333,434492.6875
43.65765,447685.1875
43.6763166666667,420842.375
43.695,418045.375
43.7136666666667,411993.78125
43.7323333333333,414917.53125
43.7510166666667,406680.125
43.7696833333333,419642.71875
43.7883666666667,405171.6875
43.8070333333333,420681.0625
43.8257,398217.9375
43.8443833333333,414195.75
43.86305,431625.03125
43.8817166666667,425546.375
43.9004,423266.53125
43.9190666666667,431287.4375
43.9377333333333,434286.625
43.9564166666667,419546.5625
43.9750833333333,431900.46875
43.99375,415030.96875
44.0124333333333,414259.46875
44.0311,418241.375
44.0497666666667,424333.9375
44.06845,410288.53125
44.0871166666667,407222.71875
44.1057833333333,403177.96875
44.1244666666667,398884.84375
44.1431333333333,394121.4375
44.1618,394247.28125
44.1804833333333,399604.15625
44.19915,398098.71875
44.2178333333333,383484.6875
44.2365,393928.59375
44.2551666666667,390895.15625
44.27385,386311.09375
44.2925166666667,391923.40625
44.3111833333333,391886.375
44.3298666666667,401783.3125
44.3485333333333,395389.59375
44.3672,395843.1875
44.3858833333333,417238.71875
44.40455,421069.25
44.4232166666667,402358.5625
44.4419,397835.59375
44.4605666666667,407723.375
44.4792333333333,408935.40625
44.4979166666667,389631.40625
44.5165833333333,384028.9375
44.53525,390302.9375
44.5539333333333,405162.34375
44.5726,393073.5
44.5912666666667,402812.0625
44.60995,398820.71875
44.6286166666667,414845.25
44.6472833333333,412962.625
44.6659666666667,426243.40625
44.6846333333333,423182.71875
44.7033166666667,421344.375
44.7219833333333,408803.59375
44.74065,410927.84375
44.7593333333333,409990.78125
44.778,406436.375
44.7966666666667,397877.78125
44.81535,391464.15625
44.8340166666667,395724.71875
44.8526833333333,390823.71875
44.8713666666667,381911.78125
44.8900333333333,390248.3125
44.9087,393826.9375
44.9273833333333,407293.4375
44.94605,397218.0625
44.9647166666667,411453.8125
44.9834,415819.25
45.0020666666667,414605.09375
45.02075,413500.375
45.0394166666667,408497.375
45.0580833333333,418238.84375
45.0767666666667,424330.5
45.0954333333333,436165.53125
45.1141,428818.34375
45.1327833333333,405558.0625
45.15145,408322.65625
45.1701166666667,401990.3125
45.1888,402083.28125
45.2074666666667,411413.71875
45.2261333333333,413252.15625
45.2448166666667,412675.28125
45.2634833333333,409822.8125
45.28215,412938.4375
45.3008333333333,422673.5625
45.3195,412540.28125
45.3381666666667,434395.84375
45.35685,423887.46875
45.3755166666667,439076.5
45.3941833333333,429849.125
45.4128666666667,415996.875
45.4315333333333,420022.71875
45.4502,420605.65625
45.4688833333333,415922.5625
45.48755,414739.5
45.5062166666667,423937.9375
45.5249,412933.34375
45.5435666666667,394291.8125
45.56225,412625.9375
45.5809166666667,410779.28125
45.5995833333333,407831.5
45.6182666666667,414864.34375
45.6369333333333,406857.875
45.6556,417649.3125
45.6742833333333,424298.75
45.69295,422102.34375
45.7116166666667,403138.9375
45.7303,405629.875
45.7489666666667,393803
45.7676333333333,397104.15625
45.7863166666667,397461.40625
45.8049833333333,415145.6875
45.82365,393843.09375
45.8423333333333,397555.3125
45.861,408003.59375
45.8796833333333,397484.375
45.89835,408708.59375
45.9170166666667,419230.21875
45.9357,430448.21875
45.9543666666667,429059.09375
45.9730333333333,434947.625
45.9917166666667,446704.9375
46.0103833333333,434541.1875
46.02905,446139.65625
46.0477333333333,437552.28125
46.0664,435211.46875
46.0850666666667,419667.875
46.10375,429965.78125
46.1224166666667,420037.4375
46.1410833333333,438804.84375
46.1597666666667,420841.4375
46.1784333333333,406531.5625
46.1971,429079.15625
46.2157833333333,417909.8125
46.23445,409382.96875
46.2531166666667,418334.78125
46.2718,417056.90625
46.2904666666667,420844
46.3091333333333,407411.0625
46.3278166666667,410153.5625
46.3464833333333,402610.96875
46.3651666666667,400610.34375
46.3838333333333,394299.9375
46.4025,414751.15625
46.4211833333333,434755.25
46.43985,419747.34375
46.4585166666667,408365.6875
46.4772,422603.5
46.4958666666667,414894.90625
46.5145333333333,412521.40625
46.5332166666667,421138.03125
46.5518833333333,416369.34375
46.57055,421516.125
46.5892333333333,419685.0625
46.6079,408359.6875
46.6265666666667,410645.71875
46.64525,419485.5625
46.6639166666667,414417.34375
46.6825833333333,433301.125
46.7012666666667,421105.375
46.7199333333333,424369.78125
46.7386166666667,423802.15625
46.7572833333333,411745.125
46.77595,419777.4375
46.7946333333333,432628.65625
46.8133,429530.78125
46.8319666666667,427368.78125
46.85065,433885.25
46.8693166666667,414798.8125
46.8879833333333,422519.84375
46.9066666666667,417444.25
46.9253333333333,425867.59375
46.944,418045.78125
46.9626833333333,431963.4375
46.98135,417295.84375
47.0000166666667,416320.1875
47.0187,420535.84375
47.0373666666667,429425.375
47.0560333333333,425702.4375
47.0747166666667,419976.5
47.0933833333333,434081.65625
47.11205,436760.65625
47.1307333333333,440978.21875
47.1494,419672
47.1680666666667,423675.0625
47.18675,418717.65625
47.2054166666667,424969.40625
47.2241,430889.21875
47.2427666666667,426074.71875
47.2614333333333,438817.8125
47.2801166666667,447197.96875
47.2987833333333,435645.375
47.31745,430600.34375
47.3361333333333,432512.78125
47.3548,446870.28125
47.3734666666667,435937.1875
47.39215,441710.34375
47.4108166666667,441828.875
47.4294833333333,450292.1875
47.4481666666667,434409.625
47.4668333333333,437035.09375
47.4855,439063.53125
47.5041833333333,433977.84375
47.52285,436295.34375
47.5415166666667,438365.65625
47.5602,448288.375
47.5788666666667,455099.65625
47.5975333333333,451970.90625
47.6162166666667,437140.125
47.6348833333333,446229.28125
47.65355,451365.875
47.6722333333333,460040.21875
47.6909,462832.96875
47.7095666666667,476486.71875
47.72825,454396.0625
47.7469166666667,461747.34375
47.7656,448317.96875
47.7842666666667,451121.46875
47.8029333333333,454583
47.8216166666667,455144.5
47.8402833333333,459169.78125
47.85895,462381.96875
47.8776333333333,454726.625
47.8963,446347.3125
47.9149666666667,461928.65625
47.93365,482597.1875
47.9523166666667,460929.78125
47.9709833333333,448709.875
47.9896666666667,460258.25
48.0083333333333,468294.5
48.027,467162.6875
48.0456833333333,456032.71875
48.06435,471640.5
48.0830166666667,460180.84375
48.1017,471976.40625
48.1203666666667,481800.28125
48.1390333333333,464344
48.1577166666667,473624.34375
48.1763833333333,474775.71875
48.19505,486902.1875
48.2137333333333,469001.8125
48.2324,454639.34375
48.2510666666667,485027.09375
48.26975,466093.5
48.2884166666667,465827.09375
48.3071,451004.15625
48.3257666666667,481174.1875
48.3444333333333,524277.53125
48.3631166666667,627053.5
48.3817833333333,779730.8125
48.40045,1071339
48.4191333333333,1336408
48.4378,1373659.625
48.4564666666667,1413840.875
48.47515,1091902.125
48.4938166666667,862696.0625
48.5124833333333,700866.3125
48.5311666666667,572889.875
48.5498333333333,526263
48.5685,497733.96875
48.5871833333333,483791.34375
48.60585,494709.53125
48.6245166666667,484887.5
48.6432,487024.1875
48.6618666666667,488120.71875
48.6805333333333,479488.34375
48.6992166666667,470677.3125
48.7178833333333,482419.21875
48.73655,483918.84375
48.7552333333333,478722.25
48.7739,467226.125
48.7925666666667,485823.96875
48.81125,479615.0625
48.8299166666667,465154.84375
48.8485833333333,462996.1875
48.8672666666667,470170.84375
48.8859333333333,476532.125
48.9046,467768.71875
48.9232833333333,460269.5
48.94195,469014.6875
48.9606166666667,463037.9375
48.9793,462529
48.9979666666667,480145.40625
49.0166333333333,476006.375
49.0353166666667,475568.40625
49.0539833333333,466356.625
49.07265,485907.9375
49.0913333333333,481974.46875
49.11,470695.09375
49.1286666666667,483647.4375
49.14735,475849.78125
49.1660166666667,479378.71875
49.1846833333333,472901.90625
49.2033666666667,477607.71875
49.2220333333333,478981.90625
49.2407166666667,482222.21875
49.2593833333333,485435.625
49.27805,480118.1875
49.2967166666667,488162.0625
49.3154,485901.1875
49.3340666666667,474364.71875
49.35275,483561
49.3714166666667,478468.59375
49.3900833333333,479976.0625
49.4087666666667,497167.0625
49.4274333333333,480083.21875
49.4461,480785.625
49.4647833333333,487009.28125
49.48345,496586.75
49.5021166666667,495615.25
49.5208,498117.625
49.5394666666667,499177.8125
49.5581333333333,493736.40625
49.5768166666667,494209.78125
49.5954833333333,491500.25
49.61415,496243.84375
49.6328333333333,491383.21875
49.6515,480454.5
49.6701666666667,488347.4375
49.68885,494898.21875
49.7075166666667,470535.28125
49.7261833333333,492588.4375
49.7448666666667,491093.96875
49.7635333333333,489586.96875
49.7822,484678.96875
49.8008833333333,489284.625
49.81955,486190.65625
49.8382333333333,493162.1875
49.8569,480427.96875
49.8755666666667,487934.8125
49.89425,491718.28125
49.9129166666667,502718.40625
49.9315833333333,500543.5625
49.9502666666667,489785.96875
49.9689333333333,493272.59375
49.9876,506858.71875
50.0062833333333,494018.09375
50.02495,498871.125
50.0436166666667,498745.15625
50.0623,495570.84375
50.0809666666667,498209.46875
50.0996333333333,489964.3125
50.1183166666667,502631.34375
50.1369833333333,497446.90625
50.15565,504641.03125
50.1743333333333,504744.40625
50.193,496321.375
50.2116666666667,530501.4375
50.23035,509476.25
50.2490166666667,495262.21875
50.2676833333333,494500.0625
50.2863666666667,498952.46875
50.3050333333333,487215.5625
50.3237,505089.59375
50.3423833333333,507738.0625
50.36105,508264.21875
50.3797166666667,508003.25
50.3984,511515.0625
50.4170666666667,498514.6875
50.4357333333333,502567
50.4544166666667,503137.03125
50.4730833333333,488401.5625
50.49175,502837.84375
50.5104333333333,514106.875
50.5291,513904.0625
50.5477666666667,518972.15625
50.56645,504923.9375
50.5851166666667,507008.75
50.6037833333333,505338.84375
50.6224666666667,519488.6875
50.6411333333333,495162.40625
50.6598,506658.125
50.6784833333333,516486.03125
50.69715,514884.34375
50.7158166666667,533430.875
50.7345,527710.25
50.7531666666667,517706.96875
50.7718333333333,522547.6875
50.7905166666667,518791.59375
50.8091833333333,529170
50.82785,518484.65625
50.8465333333333,515127.5
50.8652,529627.5
50.8838666666667,525121.25
50.90255,527861.625
50.9212166666667,512037.40625
50.9398833333333,531071.1875
50.9585666666667,537410.75
50.9772333333333,535789.5
50.9959,544030.3125
51.0145833333333,539436.625
51.03325,532055
51.0519333333333,538716.1875
51.0706,543419.5
51.0892666666667,527511.875
51.10795,558904.375
51.1266166666667,532026.375
51.1452833333333,541665.5
51.1639666666667,544910.6875
51.1826333333333,541980.9375
51.2013,568708.3125
51.2199666666667,546088.8125
51.23865,553294.3125
51.2573166666667,551069
51.2759833333333,565364.25
51.2946666666667,576313.25
51.3133333333333,569776.375
51.332,589463.1875
51.3506833333333,568144.625
51.36935,553138.75
51.3880166666667,571678.8125
51.4067,563849.25
51.4253666666667,574679.0625
51.4440333333333,565651.6875
51.4627166666667,579324.5
51.4813833333333,547674.25
51.50005,580414.1875
51.5187333333333,574905.75
51.5374,575746.125
51.5560666666667,548817.875
51.57475,562613.5
51.5934166666667,578088.25
51.6120833333333,555072.375
51.6307666666667,555753.4375
51.6494333333333,575173.8125
51.6681,558180.375
51.6867833333333,574606.625
51.70545,549883.625
51.7241166666667,550828.8125
51.7428,559691.125
51.7614666666667,583923.625
51.7801333333333,561754.3125
51.7988166666667,546197.9375
51.8174833333333,553622.5
51.83615,561980.25
51.8548333333333,561370.375
51.8735,569824.0625
51.8921666666667,564140.6875
51.91085,565200.8125
51.9295166666667,557906.125
51.9481833333333,548292.875
51.9668666666667,556811.8125
51.9855333333333,566965.8125
52.0042,570118.625
52.0228833333333,553589.3125
52.04155,563570.5625
52.0602166666667,557794.3125
52.0789,557997.8125
52.0975666666667,557091.4375
52.1162333333333,545898.625
52.1349166666667,553522.25
52.1535833333333,568364.5
52.17225,553801
52.1909333333333,547618.625
52.2096,564651.8125
52.2282666666667,557492.875
52.24695,573387.8125
52.2656166666667,569231.75
52.2842833333333,570546.875
52.3029666666667,571118
52.3216333333333,569116.5625
52.3403,549832.375
52.3589833333333,564223.1875
52.37765,559518.625
52.3963166666667,572144.625
52.415,561190.8125
52.4336666666667,574121.1875
52.4523333333333,560903.8125
52.4710166666667,574744.6875
52.4896833333333,560861
52.50835,561102.0625
52.5270333333333,565751.875
52.5457,556778.3125
52.5643666666667,570534.8125
52.58305,574228.75
52.6017166666667,577089.1875
52.6203833333333,573458.5
52.6390666666667,575906.875
52.6577333333333,575417.8125
52.6764,573616.8125
52.6950833333333,580633.0625
52.71375,568842.8125
52.7324166666667,582171.875
52.7511,582816.75
52.7697666666667,579356.5
52.7884333333333,592760.6875
52.8071166666667,588872.625
52.8257833333333,591401.5
52.84445,588214.6875
52.8631333333333,593188.6875
52.8818,602881.25
52.9004666666667,604808.375
52.91915,624526.9375
52.9378166666667,616912.375
52.9564833333333,618679.9375
52.9751666666667,619024.4375
52.9938333333333,632183.375
53.0125,618943
53.0311833333333,628416.375
53.04985,641104.3125
53.0685166666667,621677.4375
53.0872,618754.4375
53.1058666666667,623881.875
53.1245333333333,619131.5
53.1432166666667,598057.9375
53.1618833333333,640231.4375
53.18055,626699.5625
53.1992166666667,603412.375
53.2179,620046.875
53.2365666666667,609555.125
53.2552333333333,607268.25
53.2739166666667,589791.3125
53.2925833333333,618570.875
53.31125,580328.1875
53.3299333333333,586146.75
53.3486,611722.8125
53.3672666666667,610426.5625
53.38595,605864.4375
53.4046166666667,619763.3125
53.4232833333333,617527.625
53.4419666666667,605236.25
53.4606333333333,616702.9375
53.4793,596575.3125
53.4979833333333,598872.3125
53.51665,591953.3125
53.5353166666667,611890.1875
53.554,594778.4375
53.5726666666667,614671.1875
53.5913333333333,595841.5625
53.6100166666667,625891.8125
53.6286833333333,609367.5625
53.64735,624119.625
53.6660333333333,601335.5625
53.6847,602932.5625
53.7033666666667,613197.125
53.72205,610012.75
53.7407166666667,619096.8125
53.7593833333333,615349
53.7780666666667,595781.375
53.7967333333333,617756.625
53.8154,638563.125
53.8340833333333,619595.875
53.85275,626802.3125
53.8714166666667,618501.5625
53.8901,613362.3125
53.9087666666667,629421.9375
53.9274333333333,641880.1875
53.9461166666667,613127
53.9647833333333,629729.5625
53.98345,618317.4375
54.0021333333333,612520.5625
54.0208,627206.875
54.0394666666667,629818.6875
54.0581333333333,637469.625
54.0768166666667,630551.3125
54.0954833333333,630803.625
54.11415,648101.5
54.1328333333333,653100.6875
54.1515,628552.5625
54.1701666666667,635600
54.18885,669824.6875
54.2075166666667,649691.25
54.2261833333333,639096.4375
54.2448666666667,658990.125
54.2635333333333,666132.6875
54.2822,659204.6875
54.3008833333333,686378.3125
54.31955,676916
54.3382166666667,677747
54.3569,674684.875
54.3755666666667,682985.0625
54.3942333333333,697331
54.4129166666667,698428.6875
54.4315833333333,671093.875
54.45025,697845.375
54.4689333333333,712362.3125
54.4876,725448.25
54.5062666666667,714647.25
54.52495,721026.25
54.5436166666667,720218.125
54.5622833333333,741627.625
54.5809666666667,714427.1875
54.5996333333333,744541.9375
54.6183,741086.125
54.6369833333333,766219
54.65565,757236.375
54.6743166666667,766630.6875
54.693,780753.8125
54.7116666666667,808360.125
54.7303333333333,789196.625
54.7490166666667,772197.25
54.7676833333333,794934.625
54.78635,785375.125
54.8050166666667,813667.4375
54.8237,833380.875
54.8423666666667,827350.5
54.8610333333333,811923.625
54.8797166666667,822652.625
54.8983833333333,861820.625
54.91705,851756.6875
54.9357333333333,841401.3125
54.9544,846673.875
54.9730666666667,855852
54.99175,835721.875
55.0104166666667,846093.875
55.0290833333333,842751.25
55.0477666666667,843929.5
55.0664333333333,858579.375
55.0851,862060.1875
55.1037833333333,876893.625
55.12245,839609.9375
55.1411166666667,864277.3125
55.1598,868831.75
55.1784666666667,855878.125
55.1971333333333,834638.25
55.2158166666667,854227.8125
55.2344833333333,854299.5625
55.25315,827504.6875
55.2718333333333,847527.1875
55.2905,855485.625
55.3091666666667,841204.5
55.32785,854296.6875
55.3465166666667,832546.5
55.3651833333333,836878.3125
55.3838666666667,845409
55.4025333333333,827961.6875
55.4212,833549.625
55.4398666666667,814458.1875
55.45855,836726.9375
55.4772166666667,819935.4375
55.4958833333333,828990.8125
55.5145666666667,840584.75
55.5332333333333,809528.625
55.5519,812894.5625
55.5705833333333,806141.0625
55.58925,798654
55.6079166666667,800107.5
55.6266,799746.75
55.6452666666667,808805.8125
55.6639333333333,791834.75
55.6826166666667,815169.625
55.7012833333333,793204.4375
55.71995,794408.8125
55.7386333333333,800475.8125
55.7573,798068.6875
55.7759666666667,799529.375
55.79465,799869.875
55.8133166666667,773034.375
55.8319833333333,796229.5
55.85065,786722.75
55.8693333333333,799243.625
55.888,765567.0625
55.9066666666667,792974.3125
55.92535,793463.0625
55.9440166666667,798430.6875
55.9626833333333,788191.6875
55.9813666666667,819153.375
56.0000333333333,795211.5625
56.0187,809697.25
56.0373833333333,809485.4375
56.05605,806267.6875
56.0747166666667,796925.625
56.0934,806097.1875
56.1120666666667,818837.5
56.1307333333333,816247.875
56.1494166666667,832166.625
56.1680833333333,807883.375
56.18675,792864.875
56.2054333333333,815897.75
56.2241,820779.375
56.2427666666667,835436.125
56.2614333333333,829896.25
56.2801166666667,838648.1875
56.2987833333333,844305.6875
56.31745,824933.75
56.3361333333333,827520.375
56.3548,836492.3125
56.3734666666667,829368.875
56.39215,839464.5625
56.4108166666667,833325
56.4294833333333,842924.5
56.4481666666667,834505.1875
56.4668333333333,822855.375
56.4855,850304.625
56.5041833333333,836768.3125
56.52285,840846.3125
56.5415166666667,814579.1875
56.5602,825978
56.5788666666667,827033.4375
56.5975333333333,847798.5
56.6162166666667,855636.75
56.6348833333333,845699.625
56.65355,808569.6875
56.6722333333333,846951.8125
56.6909,821414
56.7095666666667,832824.75
56.7282333333333,822925.1875
56.7469166666667,830089.75
56.7655833333333,804506.0625
56.78425,829114
56.8029333333333,818514.1875
56.8216,815531.0625
56.8402666666667,802510.3125
56.85895,814470.375
56.8776166666667,816652.6875
56.8962833333333,831081.1875
56.9149666666667,837259.3125
56.9336333333333,812191.9375
56.9523,816256.9375
56.9709833333333,797731.125
56.98965,819313.6875
57.0083166666667,811427.75
57.027,822620.75
57.0456666666667,827985.25
57.0643333333333,811664.4375
57.0830166666667,799367.9375
57.1016833333333,808319.0625
57.12035,842444.25
57.1390333333333,816404.375
57.1577,828054.875
57.1763666666667,839292.25
57.1950333333333,832623.1875
57.2137166666667,840609.5625
57.2323833333333,849838.1875
57.25105,816258.875
57.2697333333333,844005.0625
57.2884,816881.3125
57.3070666666667,809550.6875
57.32575,824335.9375
57.3444166666667,812651.25
57.3630833333333,791760.4375
57.3817666666667,825217.75
57.4004333333333,810541
57.4191,834538.75
57.4377833333333,815470.5625
57.45645,834332.1875
57.4751166666667,817829.4375
57.4938,799377.8125
57.5124666666667,808568.5625
57.5311333333333,803439.1875
57.5498,799979.0625
57.5684833333333,825541.25
57.58715,826628.125
57.6058166666667,810138.9375
57.6245,808199.1875
57.6431666666667,812316.9375
57.6618333333333,806084.3125
57.6805166666667,813304.4375
57.6991833333333,805042.8125
57.71785,820103.0625
57.7365333333333,820904.6875
57.7552,818608.5625
57.7738666666667,792364.875
57.79255,802555.9375
57.8112166666667,804561.8125
57.8298833333333,798939.625
57.8485666666667,816388.5625
57.8672333333333,810667.8125
57.8859,786084.0625
57.9045666666667,786041.3125
57.92325,810184.3125
57.9419166666667,833744.9375
57.9605833333333,814297
57.9792666666667,807445
57.9979333333333,804949.75
58.0166,801064.6875
58.0352833333333,805223.9375
58.05395,828838.3125
58.0726166666667,827112.25
58.0913,819443.5625
58.1099666666667,838569.3125
58.1286333333333,824203.5625
58.1473,824488.5625
58.1659833333333,810642.9375
58.18465,819741.125
58.2033166666667,800358.375
58.222,823806.8125
58.2406666666667,813692.1875
58.2593333333333,834961.5625
58.2780166666667,810157.5
58.2966833333333,826155.3125
58.31535,815197.375
58.3340333333333,806617.4375
58.3527,821787.375
58.3713666666667,834791.6875
58.39005,841155.5
58.4087166666667,790451
58.4273833333333,844267.875
58.4460666666667,816385.125
58.4647333333333,821660.9375
58.4834,831554.0625
58.5020666666667,822551.125
58.52075,837003
58.5394166666667,855494.25
58.5580833333333,835551.3125
58.5767666666667,834024.625
58.5954333333333,828767.5
58.6141,840691.9375
58.6327833333333,822984.9375
58.65145,831417.9375
58.6701166666667,831253.875
58.6888,821999.625
58.7074666666667,854740.0625
58.7261333333333,833909.625
58.7448166666667,842897.5
58.7634833333333,846152.5625
58.78215,861717.625
58.8008333333333,837368.5625
58.8195,852645.0625
58.8381666666667,859240.8125
58.8568333333333,837938.5
58.8755166666667,861011.75
58.8941833333333,841524.375
58.91285,856944.3125
58.9315333333333,868771.3125
58.9502,850809.75
58.9688666666667,852244.5
58.98755,862391.0625
59.0062166666667,877571.9375
59.0248833333333,904355.3125
59.0435666666667,922790.1875
59.0622333333333,926257.1875
59.0809,949591.25
59.0995833333333,930151.0625
59.11825,928454.4375
59.1369166666667,909094.4375
59.1555833333333,881397.8125
59.1742666666667,879126.8125
59.1929333333333,888994.5625
59.2116,889291.0625
59.2302833333333,884546.875
59.24895,862525
59.2676166666667,881108.625
59.2863,872142.9375
59.3049666666667,894499.625
59.3236333333333,882250.4375
59.3423166666667,883599.6875
59.3609833333333,891761.0625
59.37965,874682.75
59.3983333333333,901671.8125
59.417,902573.3125
59.4356666666667,926606.875
59.4543333333333,882776.375
59.4730166666667,928397.1875
59.4916833333333,879839.1875
59.51035,906218.625
59.5290333333333,900399.25
59.5477,888043.75
59.5663666666667,908929.3125
59.58505,884581.375
59.6037166666667,885677.6875
59.6223833333333,903014.9375
59.6410666666667,895944.125
59.6597333333333,907162.25
59.6784,888777.125
59.6970666666667,941765.4375
59.71575,915072.4375
59.7344166666667,887963.8125
59.7530833333333,909397.625
59.7717666666667,921209.25
59.7904333333333,940278.375
59.8091,903891.75
59.8277833333333,920546.4375
59.84645,913017.0625
59.8651166666667,913669.625
59.8838,934894
59.9024666666667,922977.875
59.9211333333333,913886.125
59.9398,949337.625
59.9584833333333,917154.5625
59.97715,927992.5625
59.9958166666667,921091.375
60.0145,936039.6875
60.0331666666667,922129.8125
60.0518333333333,925797.6875
60.0705166666667,930451.5
60.0891833333333,939218.125
60.10785,926905.75
60.1265333333333,932405.875
60.1452,957639.5
60.1638666666667,942201.8125
60.1825333333333,933404.8125
60.2012166666667,935206.0625
60.2198833333333,932615.375
60.23855,936405.5625
60.2572333333333,932938.6875
60.2759,941828.375
60.2945666666667,965891.4375
60.31325,935847.875
60.3319166666667,958091.1875
60.3505833333333,933906.75
60.3692666666667,941429.125
60.3879333333333,981185.4375
60.4066,949142.25
60.4252666666667,971170.5625
60.44395,975339.8125
60.4626166666667,980371.5
60.4812833333333,950184.0625
60.4999666666667,964081.75
60.5186333333333,991279.5625
60.5373,967459.625
60.5559833333333,974716.1875
60.57465,993179
60.5933166666667,960477.625
60.612,981555.75
60.6306666666667,983533
60.6493333333333,1003421.5625
60.668,971752.375
60.6866833333333,980588.3125
60.70535,975042.9375
60.7240166666667,1025880.75
60.7427,998528.8125
60.7613666666667,1009435.5625
60.7800333333333,990091.25
60.7987166666667,1004609.9375
60.8173833333333,1009907.1875
60.83605,1014852.3125
60.8547166666667,1038021.25
60.8734,1036376.8125
60.8920666666667,1049129.625
60.9107333333333,1040061.25
60.9294166666667,1036157.0625
60.9480833333333,1034294.375
60.96675,1042336.6875
60.9854333333333,1041963.875
61.0041,1041684.6875
61.0227666666667,1058258.75
61.0414333333333,1065771.75
61.0601166666667,1023767.9375
61.0787833333333,1027204.1875
61.09745,1034061.1875
61.1161333333333,1008736
61.1348,1007087.8125
61.1534666666667,1011638.6875
61.17215,1022870.75
61.1908166666667,1025170.4375
61.2094833333333,1019373.375
61.22815,1048423.875
61.2468333333333,1031789.5625
61.2655,995568.75
61.2841666666667,1011507.1875
61.30285,1034200.5
61.3215166666667,1040226.8125
61.3401833333333,1028283.1875
61.35885,1011553.9375
61.3775333333333,997361.125
61.3962,1000303.5625
61.4148666666667,1025503.0625
61.43355,1003477.6875
61.4522166666667,994697.375
61.4708833333333,1010347.125
61.4895666666667,1028428.3125
61.5082333333333,995220.8125
61.5269,1029319.625
61.5455833333333,1003907.375
61.56425,997226.875
61.5829166666667,989827.8125
61.6015833333333,990409.5625
61.6202666666667,1009248
61.6389333333333,981301.0625
61.6576,958167.5
61.6762833333333,994176.9375
61.69495,1009158.375
61.7136166666667,1000834.4375
61.7323,1006126.5625
61.7509666666667,1019296.9375
61.7696333333333,1009188
61.7883,1014018.5
61.8069833333333,1024605
61.82565,1001570.6875
61.8443166666667,1001806.4375
61.863,1012225.75
61.8816666666667,1001631.375
61.9003333333333,1041648.5
61.9190166666667,1015336
61.9376833333333,1022364.125
61.95635,1017119.8125
61.9750166666667,1013554.875
61.9937,1051697.75
62.0123666666667,1043272.4375
62.0310333333333,1041930.5625
62.0497166666667,1049553.375
62.0683833333333,1043609.125
62.08705,1085316.875
62.1057333333333,1040504.0625
62.1244,1069208.25
62.1430666666667,1050683
62.1617333333333,1064149.125
62.1804166666667,1061511.75
62.1990833333333,1049718
62.21775,1049915.5
62.2364333333333,1060059.5
62.2551,1065680.125
62.2737666666667,1083513.25
62.29245,1060128.125
62.3111166666667,1058627.25
62.3297833333333,1075666.625
62.3484666666667,1065258
62.3671333333333,1053276.625
62.3858,1058953.25
62.4044666666667,1070748.375
62.42315,1075301.625
62.4418166666667,1050142.125
62.4604833333333,1081731.25
62.4791666666667,1042196.3125
62.4978333333333,1065570.375
62.5165,1086491.875
62.5351833333333,1080089.25
62.55385,1068546
62.5725166666667,1068810.875
62.5911833333333,1057843.125
62.6098666666667,1058829.25
62.6285333333333,1068434.375
62.6472,1056092.625
62.6658833333333,1068529.375
62.68455,1059591.625
62.7032166666667,1057326.125
62.7219,1041052.625
62.7405666666667,1015799.9375
62.7592333333333,980405.5625
62.7779,1037232.8125
62.7965833333333,1055035.375
62.81525,1049363.625
62.8339166666667,1042312.375
62.8526,1043332
62.8712666666667,1019453.5
62.8899333333333,1021974.3125
62.9086,992125.375
62.9272833333333,984121.6875
62.94595,994624.125
62.9646166666667,1003188.4375
62.9833,1022759.8125
63.0019666666667,989553.375
63.0206333333333,1015796.6875
63.0393166666667,993127.625
63.0579833333333,1022320.75
63.07665,1002629.5
63.0953333333333,992225.1875
63.114,1179064.75
