0.000416666666666667,109226.546875
0.0190666666666667,104651.53125
0.0377166666666667,105246.484375
0.0563833333333333,110265.2265625
0.0750666666666667,111216.4453125
0.0937333333333333,115951.75
0.112416666666667,117154.765625
0.131083333333333,119430.828125
0.14975,132673.59375
0.168433333333333,131532.546875
0.1871,143919.171875
0.205783333333333,143760.34375
0.22445,154937.53125
0.243116666666667,153862.203125
0.2618,159110.046875
0.280466666666667,164534.734375
0.299133333333333,179533.65625
0.317816666666667,173546.453125
0.336483333333333,174409.40625
0.355166666666667,174773.265625
0.373833333333333,185821.328125
0.3925,185240.25
0.411183333333333,185493.8125
0.42985,184142.53125
0.448533333333333,203098.296875
0.4672,192898.71875
0.485866666666667,183238.828125
0.50455,210996.28125
0.523216666666667,189431.578125
0.5419,187102.46875
0.560566666666667,189759.46875
0.579233333333333,185054.234375
0.597916666666667,185372.90625
0.616583333333333,191739.71875
0.635266666666667,189673.1875
0.653933333333333,193318.96875
0.6726,194511.515625
0.691283333333333,216107.03125
0.70995,192250.390625
0.728633333333333,196782.4375
0.7473,194261.546875
0.765966666666667,191009.078125
0.78465,200842.875
0.803316666666667,197879.5
0.822,205020.9375
0.840666666666667,163120.84375
0.859333333333333,143446.234375
0.878016666666667,152341.53125
0.896683333333333,166544.3125
0.915366666666667,181257.078125
0.934033333333333,187792.578125
0.9527,181274.171875
0.971383333333333,193340.09375
0.99005,196578.3125
1.00873333333333,202351.015625
1.0274,198226.109375
1.04606666666667,203195.59375
1.06475,205303.921875
1.08341666666667,212057.953125
1.10208333333333,203323.5
1.12076666666667,204124.5
1.13943333333333,203898.921875
1.15811666666667,201684.890625
1.17678333333333,204303.03125
1.19545,200519.40625
1.21413333333333,197268.46875
1.2328,199126.015625
1.25148333333333,205345.796875
1.27015,204410.28125
1.28881666666667,208745.53125
1.3075,209686.671875
1.32616666666667,210173.828125
1.34485,207407.96875
1.36351666666667,205225.453125
1.38218333333333,215020.796875
1.40086666666667,212777.53125
1.41953333333333,205375.53125
1.4382,179757.15625
1.45688333333333,173814.546875
1.47555,183176.484375
1.49423333333333,191320.609375
1.5129,182241.65625
1.53158333333333,194382.59375
1.55025,200274.671875
1.56891666666667,207134.734375
1.5876,204601.078125
1.60626666666667,200756.875
1.62493333333333,208431.359375
1.64361666666667,207152.515625
1.66228333333333,209101.6875
1.68096666666667,207492.578125
1.69963333333333,199529.5625
1.7183,205443.140625
1.73698333333333,208471.5625
1.75565,210638.921875
1.77433333333333,207833.734375
1.793,215594.890625
1.81166666666667,186644.6875
1.83035,180309.5
1.84901666666667,183148.3125
1.8677,194713.234375
1.88636666666667,191352.890625
1.90503333333333,195955.75
1.92371666666667,200940.3125
1.94238333333333,204081.9375
1.96106666666667,211870.25
1.97973333333333,207448.875
1.9984,209510.15625
2.01708333333333,213161.59375
2.03575,213867.796875
2.05441666666667,218642
2.0731,219735.09375
2.09176666666667,211957.03125
2.11045,198740.09375
2.12911666666667,180637.359375
2.14778333333333,188025.96875
2.16646666666667,197533.796875
2.18513333333333,194491.265625
2.20381666666667,205635.8125
2.22248333333333,206502.03125
2.24115,212826.671875
2.25983333333333,212529.921875
2.2785,202879.078125
2.29718333333333,205014.234375
2.31585,216144.5625
2.33451666666667,230398.9375
2.3532,215521.1875
2.37186666666667,215423.375
2.39053333333333,227251.015625
2.40921666666667,224766.140625
2.42788333333333,230481.453125
2.44656666666667,222232.375
2.46523333333333,221365.671875
2.4839,220816.65625
2.50258333333333,222705.234375
2.52125,233600.84375
2.53993333333333,227158.15625
2.5586,229480.515625
2.57726666666667,219807.9375
2.59595,222679.484375
2.61461666666667,230063.703125
2.6333,234424.375
2.65196666666667,219681.640625
2.67063333333333,229977.921875
2.68931666666667,223224.46875
2.70798333333333,217845.78125
2.72666666666667,224363.515625
2.74533333333333,233856.5
2.764,226224.90625
2.78268333333333,209466.4375
2.80135,214416.8125
2.82003333333333,211841.390625
2.8387,212156.59375
2.85736666666667,209454.734375
2.87605,218972.953125
2.89471666666667,212032.9375
2.9134,224585.25
2.93206666666667,230847.71875
2.95073333333333,227276.078125
2.96941666666667,222480.640625
2.98808333333333,228362.140625
3.00675,233193.15625
3.02543333333333,234425.640625
3.0441,231280.65625
3.06278333333333,229839.015625
3.08145,225753.171875
3.10011666666667,248532.484375
3.1188,234801.84375
3.13746666666667,225356.71875
3.15615,216167.515625
3.17481666666667,210438.5
3.19348333333333,208585.9375
3.21216666666667,215295.8125
3.23083333333333,223343.375
3.2495,221921.140625
3.26818333333333,223284.875
3.28685,228064.484375
3.30553333333333,212401.078125
3.3242,206733.8125
3.34286666666667,222730.390625
3.36155,220750.078125
3.38021666666667,230063.375
3.3989,223859.75
3.41756666666667,231597.9375
3.43623333333333,228426.03125
3.45491666666667,232101.359375
3.47358333333333,218193.21875
3.49226666666667,219888.609375
3.51093333333333,227797.859375
3.5296,225753.515625
3.54828333333333,233489.125
3.56695,224456.828125
3.58561666666667,231237.796875
3.6043,231948.3125
3.62296666666667,239565.859375
3.64165,229968
3.66031666666667,224435
3.67898333333333,225054.734375
3.69766666666667,245433.96875
3.71633333333333,283592.75
3.73501666666667,335804.46875
3.75368333333333,359789.28125
3.77235,366038.53125
3.79103333333333,313970.71875
3.8097,285772.40625
3.82836666666667,285402.8125
3.84705,277243.6875
3.86571666666667,278213.34375
3.8844,270779.8125
3.90306666666667,252377.390625
3.92173333333333,253108.21875
3.94041666666667,246910.71875
3.95908333333333,233544.578125
3.97776666666667,227338.25
3.99643333333333,229966.375
4.0151,230593
4.03378333333333,233510.53125
4.05245,231878.015625
4.07111666666667,223549.5625
4.0898,230408.609375
4.10846666666667,219115.71875
4.12715,215563.609375
4.14581666666667,220647.4375
4.16448333333333,221078.140625
4.18316666666667,225248.921875
4.20183333333333,224254.65625
4.22051666666667,228502.078125
4.23918333333333,232610.953125
4.25785,211741.71875
4.27653333333333,221316.21875
4.2952,224164.890625
4.31388333333333,222914.75
4.33255,226515.875
4.35121666666667,230367.109375
4.3699,225528.28125
4.38856666666667,228394.921875
4.40723333333333,214737.3125
4.42591666666667,213217.703125
4.44458333333333,216267.0625
4.46326666666667,223092.671875
4.48193333333333,230081.296875
4.5006,234261.546875
4.51928333333333,239983.53125
4.53795,243349.796875
4.55663333333333,227523
4.5753,220198.671875
4.59396666666667,228870.671875
4.61265,228899.21875
4.63131666666667,226244.828125
4.64998333333333,227152.125
4.66866666666667,232305.109375
4.68733333333333,218362.59375
4.70601666666667,213625.96875
4.72468333333333,217507.3125
4.74335,222011.609375
4.76203333333333,233537.515625
4.7807,221357.5625
4.79938333333333,223132
4.81805,216295.28125
4.83671666666667,210787.328125
4.8554,215381.953125
4.87406666666667,220787.171875
4.89275,219038.59375
4.91141666666667,217725.421875
4.93008333333333,214990.390625
4.94876666666667,223101.390625
4.96743333333333,220813
4.98611666666667,214523.5625
5.00478333333333,215801.953125
5.02345,219864.109375
5.04213333333333,215482.953125
5.0608,211857.75
5.07948333333333,216784.71875
5.09815,206917.46875
5.11681666666667,205665.875
5.1355,213831.21875
5.15416666666667,218516.375
5.17283333333333,216329.21875
5.19151666666667,205240.15625
5.21018333333333,233253.15625
5.22886666666667,203060.234375
5.24753333333333,215308.046875
5.2662,225866.078125
5.28488333333333,224878.890625
5.30355,216790.75
5.32223333333333,221313.21875
5.3409,221983.671875
5.35956666666667,208229.390625
5.37825,208275.609375
5.39691666666667,212198.609375
5.4156,219318.28125
5.43426666666667,221952.734375
5.45293333333333,215746.84375
5.47161666666667,217223.375
5.49028333333333,210876.65625
5.50896666666667,210339.78125
5.52763333333333,213134.375
5.5463,218395.15625
5.56498333333333,208100.359375
5.58365,220639.15625
5.60231666666667,220641.734375
5.621,203004.21875
5.63966666666667,204877.328125
5.65835,216219.03125
5.67701666666667,211404.890625
5.69568333333333,219191.171875
5.71436666666667,215976.5625
5.73303333333333,213538.90625
5.75171666666667,203986.875
5.77038333333333,204674.109375
5.78905,216378.3125
5.80773333333333,215821.546875
5.8264,222147.734375
5.84506666666667,220939.1875
5.86375,201754.078125
5.88241666666667,208635.5
5.9011,214260.390625
5.91976666666667,214346.796875
5.93843333333333,208407.640625
5.95711666666667,217211.75
5.97578333333333,218259.96875
5.99446666666667,205119.921875
6.01313333333333,209493.140625
6.0318,223639.890625
6.05048333333333,232768.5
6.06915,229152.109375
6.08781666666667,219900.390625
6.1065,217109.109375
6.12516666666667,216547.359375
6.14385,221465.75
6.16251666666667,212393.015625
6.18118333333333,223515.671875
6.19986666666667,229079.015625
6.21853333333333,219964.671875
6.23721666666667,207160.578125
6.25588333333333,211240
6.27455,220845.328125
6.29323333333333,222989.390625
6.3119,217810.3125
6.33056666666667,216451.03125
6.34925,214609.1875
6.36791666666667,230524
6.3866,222470.3125
6.40526666666667,219705.859375
6.42393333333333,215653.671875
6.44261666666667,218906.75
6.46128333333333,207436.828125
6.47996666666667,221313.390625
6.49863333333333,222893.015625
6.5173,216869.421875
6.53598333333333,224016.3125
6.55465,219612.953125
6.57331666666667,220154.015625
6.592,218548.890625
6.61066666666667,225146.078125
6.62935,221066.03125
6.64801666666667,210204.5
6.66668333333333,213726.828125
6.68536666666667,213488.015625
6.70403333333333,220358.078125
6.72271666666667,223865.515625
6.74138333333333,215512.59375
6.76005,221053.8125
6.77873333333333,220654.8125
6.7974,212763.234375
6.81606666666667,221271.59375
6.83475,223585.71875
6.85341666666667,229245.921875
6.8721,230125.96875
6.89076666666667,230514.578125
6.90943333333333,218309.296875
6.92811666666667,214985.875
6.94678333333333,214485.75
6.96546666666667,224455.25
6.98413333333333,222918.5
7.0028,216802.0625
7.02148333333333,219560.8125
7.04015,220371.078125
7.05881666666667,225230.53125
7.0775,237221.53125
7.09616666666667,232403.28125
7.11485,231217.671875
7.13351666666667,221300.078125
7.15218333333333,236090.4375
7.17086666666667,230629.71875
7.18953333333333,233244.578125
7.2082,234332
7.22688333333333,221702.3125
7.24555,230355.28125
7.26423333333333,220259.421875
7.2829,238664.140625
7.30156666666667,240920.09375
7.32025,231386.703125
7.33891666666667,219581.015625
7.3576,220745.578125
7.37626666666667,228673.65625
7.39493333333333,232826.53125
7.41361666666667,237526.71875
7.43228333333333,233249.328125
7.45095,220736.578125
7.46963333333333,231849.1875
7.4883,237333.59375
7.50698333333333,231895.796875
7.52565,230882.390625
7.54431666666667,224200.21875
7.563,247773.484375
7.58166666666667,226787.8125
7.60035,237300.9375
7.61901666666667,233003.890625
7.63768333333333,227916.5
7.65636666666667,223657.453125
7.67503333333333,226360.734375
7.6937,228477.875
7.71238333333333,237639.8125
7.73105,229189.640625
7.74973333333333,219175.8125
7.7684,228691.171875
7.78706666666667,224416.421875
7.80575,227224.59375
7.82441666666667,228500.59375
7.8431,224424.25
7.86176666666667,224982.703125
7.88043333333333,229540.453125
7.89911666666667,230452.234375
7.91778333333333,228256.796875
7.93645,227481.75
7.95513333333333,218957.25
7.9738,228671.671875
7.99248333333333,223499.5625
8.01115,236120.140625
8.02981666666667,229646.53125
8.0485,233523.875
8.06716666666667,232457.78125
8.08585,239113.84375
8.10451666666667,241278.5
8.12318333333333,253120.546875
8.14186666666667,238465.984375
8.16053333333333,239594.09375
8.1792,243784.359375
8.19788333333333,248059.359375
8.21655,252155.875
8.23523333333333,244995.703125
8.2539,246331.15625
8.27256666666667,242652.359375
8.29125,242844.578125
8.30991666666667,243413.15625
8.32858333333333,228185.4375
8.34726666666667,232311.515625
8.36593333333333,240162.421875
8.38461666666667,239477.9375
8.40328333333333,243249.9375
8.42195,234688.46875
8.44063333333333,229527.03125
8.4593,227837.234375
8.47798333333333,238582.75
8.49665,240921.71875
8.51531666666667,236569
8.534,225356.15625
8.55266666666667,231201.609375
8.57133333333333,240644.109375
8.59001666666667,249843.9375
8.60868333333333,230615.171875
8.62736666666667,234522.671875
8.64603333333333,225472.09375
8.6647,239898.171875
8.68338333333333,234077.5625
8.70205,223889.15625
8.72073333333333,231287.359375
8.7394,232139.53125
8.75806666666667,229745.140625
8.77675,238881.359375
8.79541666666667,234845.09375
8.81408333333333,228717.359375
8.83276666666667,239678.796875
8.85143333333333,239015.65625
8.87011666666667,238212.15625
8.88878333333333,227075.515625
8.90745,231609.140625
8.92613333333333,234302.75
8.9448,243122.640625
8.96346666666667,239857.65625
8.98215,231958.875
9.00081666666667,238191.890625
9.0195,245581.78125
9.03816666666667,253737.3125
9.05683333333333,253908.578125
9.07551666666667,249492.78125
9.09418333333333,242774.3125
9.11286666666667,249998.03125
9.13153333333333,244940.453125
9.1502,236601.28125
9.16888333333333,233390.1875
9.18755,234664.171875
9.20621666666667,240303.03125
9.2249,235561.609375
9.24356666666667,238608.34375
9.26225,237065.9375
9.28091666666667,226028.4375
9.29958333333333,239391.0625
9.31826666666667,242682.671875
9.33693333333333,229646.15625
9.3556,240295.734375
9.37428333333333,237300.984375
9.39295,239998.71875
9.41163333333333,243312.25
9.4303,230341.21875
9.44896666666667,224662.234375
9.46765,244278.890625
9.48631666666667,244881.859375
9.50498333333333,232793.15625
9.52366666666667,227566.96875
9.54233333333333,231004.296875
9.56101666666667,242886.859375
9.57968333333333,242692.015625
9.59835,243333.015625
9.61703333333333,238544.984375
9.6357,238236.890625
9.65436666666667,241488.203125
9.67305,251083.890625
9.69171666666667,239632.078125
9.7104,252783.453125
9.72906666666667,256274.4375
9.74773333333333,268810.03125
9.76641666666667,253776.125
9.78508333333333,266748.4375
9.80375,265767.875
9.82243333333333,273424.875
9.8411,279082.40625
9.85976666666667,260098.296875
9.87845,262715.6875
9.89711666666667,258853.671875
9.9158,250495.078125
9.93446666666667,243006.703125
9.95313333333333,241937.5625
9.97181666666667,247200.65625
9.99048333333333,246871.15625
10.0091666666667,252230.109375
10.0278333333333,236614.328125
10.0465,235901.921875
10.0651833333333,245094.453125
10.08385,249265.703125
10.1025166666667,255626.171875
10.1212,231593.453125
10.1398666666667,244831.640625
10.15855,236926.140625
10.1772166666667,248711.84375
10.1958833333333,232287.03125
10.2145666666667,242048.75
10.2332333333333,259608.9375
10.2519,247969.96875
10.2705833333333,241736.109375
10.28925,244842
10.3079166666667,249022.78125
10.3266,248000.59375
10.3452666666667,254819.5625
10.36395,244464.9375
10.3826166666667,251517.5
10.4012833333333,264683.0625
10.4199666666667,252536.84375
10.4386333333333,245423.84375
10.4573,250126.65625
10.4759833333333,256706.890625
10.49465,255776.40625
10.5133333333333,261295.09375
10.532,263580.40625
10.5506666666667,262596.3125
10.56935,264459.21875
10.5880166666667,260499.015625
10.6066833333333,243577.21875
10.6253666666667,243880.03125
10.6440333333333,253784.578125
10.6627166666667,258700.671875
10.6813833333333,252142.421875
10.70005,250658.65625
10.7187333333333,254473.984375
10.7374,256505.71875
10.7560666666667,246583.390625
10.77475,254426.28125
10.7934166666667,251555.15625
10.8121,253448.640625
10.8307666666667,240439.5625
10.8494333333333,246514.203125
10.8681166666667,242671.296875
10.8867833333333,256586.53125
10.90545,252120.421875
10.9241333333333,255289.0625
10.9428,254376.921875
10.9614833333333,262333.3125
10.98015,257053.609375
10.9988166666667,266846.625
11.0175,272067.8125
11.0361666666667,247502.5
11.0548333333333,257161.140625
11.0735166666667,254421.453125
11.0921833333333,260088.4375
11.11085,254414.875
11.1295333333333,280616.53125
11.1482,277812.125
11.1668833333333,275407.125
11.18555,278664.75
11.2042166666667,271553.8125
11.2229,260908.8125
11.2415666666667,251707.453125
11.2602333333333,260338.8125
11.2789166666667,269712.0625
11.2975833333333,256086.78125
11.3162666666667,254496.046875
11.3349333333333,266968.6875
11.3536,266855.5625
11.3722833333333,264787.4375
11.39095,256936.734375
11.4096166666667,264812.625
11.4283,274547.6875
11.4469666666667,264443.5625
11.46565,264320.1875
11.4843166666667,264584.6875
11.5029833333333,269855.46875
11.5216666666667,266771.125
11.5403333333333,259887.203125
11.559,273881.4375
11.5776833333333,281279.0625
11.59635,268749.125
11.6150166666667,272084.96875
11.6337,292258.59375
11.6523666666667,282732.375
11.67105,279541.96875
11.6897166666667,284134.5625
11.7083833333333,282101.09375
11.7270666666667,279040.65625
11.7457333333333,270305.6875
11.7644,280301.59375
11.7830833333333,294268.28125
11.80175,302522.65625
11.8204333333333,276554.40625
11.8391,298815.59375
11.8577666666667,283470.9375
11.87645,286822.53125
11.8951166666667,286463.40625
11.9137833333333,286735.96875
11.9324666666667,294632.03125
11.9511333333333,287025.46875
11.9698166666667,283947.625
11.9884833333333,288488.03125
12.00715,296435.03125
12.0258333333333,305030.96875
12.0445,278261.625
12.0631666666667,272585.96875
12.08185,277795.875
12.1005166666667,281127.96875
12.1192,279446.96875
12.1378666666667,282042.3125
12.1565333333333,278216.09375
12.1752166666667,269223.09375
12.1938833333333,260654.15625
12.21255,269613.28125
12.2312333333333,280701.90625
12.2499,269223.8125
12.2685666666667,273604.5
12.28725,271551.3125
12.3059166666667,273008.46875
12.3246,284667.75
12.3432666666667,266631.65625
12.3619333333333,273935.1875
12.3806166666667,280314.96875
12.3992833333333,266897.9375
12.41795,270736.8125
12.4366333333333,280440.15625
12.4553,277667.15625
12.4739833333333,273367.8125
12.49265,272271.34375
12.5113166666667,277771.1875
12.53,293808.375
12.5486666666667,280581.34375
12.5673333333333,271267.125
12.5860166666667,273746.0625
12.6046833333333,277134.40625
12.6233666666667,278413.0625
12.6420333333333,287182
12.6607,294737.65625
12.6793833333333,275063
12.69805,260366.421875
12.7167166666667,261649.78125
12.7354,284554.375
12.7540666666667,270867.90625
12.77275,271624.09375
12.7914166666667,275491.75
12.8100833333333,266113.84375
12.8287666666667,268074.46875
12.8474333333333,271903.75
12.8661,285496.53125
12.8847833333333,269295.28125
12.90345,267887.90625
12.9221333333333,281341.96875
12.9408,283769.90625
12.9594666666667,268552.125
12.97815,269891.59375
12.9968166666667,274179.75
13.0154833333333,274702.46875
13.0341666666667,267874.96875
13.0528333333333,278175.125
13.0715,277944.40625
13.0901833333333,270672.625
13.10885,279423.1875
13.1275333333333,281528.09375
13.1462,295513.09375
13.1648666666667,277321.8125
13.18355,281999.125
13.2022166666667,277998.875
13.2208833333333,292182.90625
13.2395666666667,281334.875
13.2582333333333,276059.8125
13.2769166666667,286875.9375
13.2955833333333,291111.09375
13.31425,288676.5625
13.3329333333333,297346.875
13.3516,293387.875
13.3702666666667,284489.875
13.38895,290054.46875
13.4076166666667,282539.59375
13.4262833333333,277433.875
13.4449666666667,281834.15625
13.4636333333333,274741.84375
13.4823166666667,285448.96875
13.5009833333333,278723.34375
13.51965,278581.0625
13.5383333333333,278130.8125
13.557,280227.03125
13.5756666666667,278867.90625
13.59435,272090.75
13.6130166666667,286855.4375
13.6317,286332.125
13.6503666666667,280524.84375
13.6690333333333,288876.0625
13.6877166666667,285577.1875
13.7063833333333,278307.75
13.72505,287180.65625
13.7437333333333,288442.40625
13.7624,282992.875
13.7810666666667,289029.375
13.79975,299918.40625
13.8184166666667,275594.75
13.8371,282103.09375
13.8557666666667,276856.8125
13.8744333333333,287687.75
13.8931166666667,290293.65625
13.9117833333333,285433.09375
13.93045,293084
13.9491333333333,278067.25
13.9678,278338.84375
13.9864833333333,277732.5
14.00515,298405.0625
14.0238166666667,288959.125
14.0425,298747.6875
14.0611666666667,300978.125
14.0798333333333,290084.5
14.0985166666667,286782.625
14.1171833333333,297651.53125
14.13585,296040.5
14.1545333333333,289480.0625
14.1732,282925.71875
14.1918833333333,291937.1875
14.21055,283959.375
14.2292166666667,286873.40625
14.2479,290204.1875
14.2665666666667,284858.46875
14.2852333333333,293443.96875
14.3039166666667,293977.96875
14.3225833333333,297176.8125
14.34125,271322.96875
14.3599333333333,278407.28125
14.3786,302473.65625
14.3972833333333,278722.03125
14.41595,297838.625
14.4346166666667,297398.25
14.4533,292578.6875
14.4719666666667,280200.875
14.4906333333333,290993.6875
14.5093166666667,289744.0625
14.5279833333333,280075.78125
14.54665,298120.8125
14.5653333333333,292548.59375
14.584,294521.375
14.6026833333333,284596.9375
14.62135,300326.34375
14.6400166666667,297840.75
14.6587,300687.75
14.6773666666667,294791.0625
14.6960333333333,301920.5
14.7147166666667,295320.3125
14.7333833333333,321164
14.75205,321815.0625
14.7707333333333,293807
14.7894,296497.3125
14.8080833333333,302936.6875
14.82675,297609.25
14.8454166666667,296774.125
14.8641,314407.28125
14.8827666666667,304969.9375
14.9014333333333,305927.15625
14.9201166666667,309519
14.9387833333333,306172.9375
14.95745,316204.3125
14.9761333333333,311067.53125
14.9948,319361.59375
15.0134833333333,310496.8125
15.03215,318601.375
15.0508166666667,334033.125
15.0695,330714.21875
15.0881666666667,337957.25
15.1068333333333,327757.09375
15.1255166666667,326644.65625
15.1441833333333,325506.4375
15.16285,335698.65625
15.1815333333333,338096.0625
15.2002,333221.84375
15.2188833333333,345819.78125
15.23755,344410.21875
15.2562166666667,332989.09375
15.2749,335467.40625
15.2935666666667,337178.8125
15.3122333333333,332811.1875
15.3309166666667,325199.625
15.3495833333333,328367.65625
15.36825,324452.0625
15.3869333333333,313994.46875
15.4056,327826.71875
15.4242833333333,327140.9375
15.44295,312339.625
15.4616166666667,318802.5
15.4803,314737.8125
15.4989666666667,297695.0625
15.5176333333333,302325.875
15.5363166666667,312959.0625
15.5549833333333,303952.40625
15.57365,319968.09375
15.5923333333333,323534.40625
15.611,302014.4375
15.6296666666667,312655.75
15.64835,317478.0625
15.6670166666667,310190.53125
15.6857,306922
15.7043666666667,316524.40625
15.7230333333333,315144.75
15.7417166666667,316238.59375
15.7603833333333,314259.5
15.77905,313467.09375
15.7977333333333,312632.6875
15.8164,303060.78125
15.8350833333333,319602.8125
15.85375,309745.96875
15.8724166666667,309658.75
15.8911,317190.3125
15.9097666666667,316860.65625
15.9284333333333,312441.59375
15.9471166666667,314261.65625
15.9657833333333,313507.96875
15.98445,313448.28125
16.0031333333333,315171.5625
16.0218,307750.15625
16.0404666666667,301542.46875
16.05915,319465.21875
16.0778166666667,310008.625
16.0965,298733.40625
16.1151666666667,315029.6875
16.1338333333333,303630.875
16.1525166666667,302134.875
16.1711833333333,301788.8125
16.18985,303258.90625
16.2085333333333,303224.96875
16.2272,318015.03125
16.2458666666667,306752.21875
16.26455,312778.9375
16.2832166666667,298344.5625
16.3019,310682.21875
16.3205666666667,298147.875
16.3392333333333,296944.40625
16.3579166666667,310163.875
16.3765833333333,299957.40625
16.39525,314250.375
16.4139333333333,302059.375
16.4326,306892.03125
16.4512666666667,309090.0625
16.46995,306843.59375
16.4886166666667,307409
16.5073,302010.53125
16.5259666666667,301235.125
16.5446333333333,310677.34375
16.5633166666667,307254.78125
16.5819833333333,315124.875
16.60065,293748.125
16.6193333333333,305792.8125
16.638,300043.65625
16.6566666666667,310777.96875
16.67535,296248.96875
16.6940166666667,308618.53125
16.7127,300510.65625
16.7313666666667,314804.15625
16.7500333333333,305926.71875
16.7687166666667,311812.9375
16.7873833333333,309206.46875
16.80605,322575.59375
16.8247333333333,306919
16.8434,310656.375
16.8620833333333,313348.78125
16.88075,300211.375
16.8994166666667,292241.59375
16.9181,303269.71875
16.9367666666667,304946.8125
16.9554333333333,295946.46875
16.9741166666667,299197.71875
16.9927833333333,295866
17.01145,309423.75
17.0301333333333,300939.53125
17.0488,305515.65625
17.0674833333333,309695.53125
17.08615,301689.53125
17.1048166666667,307146.59375
17.1235,308800.71875
17.1421666666667,297326.875
17.1608333333333,314304.09375
17.1795166666667,309039.78125
17.1981833333333,300937.125
17.2168666666667,310872.75
17.2355333333333,319639.125
17.2542,312828.25
17.2728833333333,305737.375
17.29155,308880.4375
17.3102166666667,317013.75
17.3289,313704.65625
17.3475666666667,308808.15625
17.3662333333333,313232.0625
17.3849166666667,317511.03125
17.4035833333333,309425.75
17.4222666666667,322662.9375
17.4409333333333,333199.40625
17.4596,315731.59375
17.4782833333333,335348
17.49695,321298.375
17.5156166666667,317736.09375
17.5343,332391.75
17.5529666666667,328811.65625
17.5716333333333,312336.875
17.5903166666667,314038.6875
17.6089833333333,335895.375
17.6276666666667,321140.46875
17.6463333333333,312821.5625
17.665,317865.875
17.6836833333333,320445.5625
17.70235,322256.15625
17.7210166666667,315789.78125
17.7397,309227.71875
17.7583666666667,310136.03125
17.7770333333333,304881.8125
17.7957166666667,304512.78125
17.8143833333333,313595.15625
17.8330666666667,309022
17.8517333333333,343186.6875
17.8704,318781.4375
17.8890833333333,323098.15625
17.90775,320679.46875
17.9264166666667,320124.71875
17.9451,313730.53125
17.9637666666667,311029.84375
17.9824333333333,308544.3125
18.0011166666667,317009.9375
18.0197833333333,318064.25
18.03845,325292.84375
18.0571333333333,320436.75
18.0758,314707.75
18.0944666666667,321888.4375
18.11315,328063.375
18.1318166666667,312190.78125
18.1505,318617.09375
18.1691666666667,318035.03125
18.1878333333333,327186.96875
18.2065166666667,324335.03125
18.2251833333333,316586.75
18.24385,331243.59375
18.2625333333333,330304.15625
18.2812,333710.6875
18.2998666666667,343651.875
18.31855,336165.8125
18.3372166666667,343449.5
18.3559,332964.78125
18.3745666666667,344904
18.3932333333333,345535.21875
18.4119166666667,336045.96875
18.4305833333333,350704.875
18.44925,339151.53125
18.4679333333333,340060.71875
18.4866,345426.5625
18.5052666666667,332737.71875
18.52395,332598.375
18.5426166666667,345726.1875
18.5613,359077.71875
18.5799666666667,336727
18.5986333333333,331763.1875
18.6173166666667,332700.3125
18.6359833333333,328153.15625
18.65465,337815.59375
18.6733333333333,324741.625
18.692,338331.96875
18.7106666666667,322102
18.72935,332179.53125
18.7480166666667,320437.03125
18.7667,322181.1875
18.7853666666667,317701.09375
18.8040333333333,322458.96875
18.8227166666667,319263.53125
18.8413833333333,331678.5625
18.86005,324988.25
18.8787333333333,331722.3125
18.8974,328850.28125
18.9160666666667,320474.78125
18.93475,324866.65625
18.9534166666667,316815.09375
18.9721,321552.46875
18.9907666666667,312438.53125
19.0094333333333,313345.84375
19.0281166666667,317658.90625
19.0467833333333,317392.3125
19.06545,318987.96875
19.0841333333333,321111.375
19.1028,309676.875
19.1214666666667,310866.3125
19.14015,322818.96875
19.1588166666667,325676.03125
19.1775,311132.1875
19.1961666666667,332634.9375
19.2148333333333,319154.53125
19.2335166666667,315792.40625
19.2521833333333,319184.625
19.27085,303153.40625
19.2895333333333,328826.3125
19.3082,327351.75
19.3268666666667,312400.25
19.34555,306855.46875
19.3642166666667,312627.96875
19.3829,313841.1875
19.4015666666667,320833.03125
19.4202333333333,329652.21875
19.4389166666667,316309.15625
19.4575833333333,321457.96875
19.47625,312346.46875
19.4949333333333,322588.46875
19.5136,312827.5625
19.5322666666667,325047.6875
19.55095,345542.625
19.5696166666667,321353.8125
19.5882833333333,322018.625
19.6069666666667,329879.46875
19.6256333333333,319711.15625
19.6443166666667,315253.9375
19.6629833333333,323556.75
19.68165,312462.59375
19.7003333333333,312313.3125
19.719,344224.9375
19.7376666666667,327822.15625
19.75635,322693.21875
19.7750166666667,333446.375
19.7936833333333,323968.65625
19.8123666666667,321719.90625
19.8310333333333,322688.65625
19.8497166666667,315351.25
19.8683833333333,327925.59375
19.88705,329297.375
19.9057333333333,318896.21875
19.9244,328484.4375
19.9430666666667,328763.78125
19.96175,319848.40625
19.9804166666667,312754.28125
19.9991,313153.34375
20.0177666666667,318784.875
20.0364333333333,316174.15625
20.0551166666667,325676.65625
20.0737833333333,322669.375
20.09245,308529.25
20.1111333333333,320585
20.1298,315247.75
20.1484666666667,318595.25
20.16715,320522.46875
20.1858166666667,312429.09375
20.2045,304204.78125
20.2231666666667,321837.71875
20.2418333333333,319211.59375
20.2605166666667,324868.9375
20.2791833333333,324158.75
20.29785,315155.9375
20.3165333333333,319110.09375
20.3352,306479.5625
20.3538666666667,310221.34375
20.37255,315633.9375
20.3912166666667,313515.84375
20.4099,308896.53125
20.4285666666667,313908.65625
20.4472333333333,318053.9375
20.4659166666667,315644.875
20.4845833333333,301797.3125
20.50325,310738.21875
20.5219333333333,313313.84375
20.5406,310497.5625
20.5592666666667,318287.46875
20.57795,322592.09375
20.5966166666667,316234.6875
20.6153,317459.25
20.6339666666667,322286.59375
20.6526333333333,318627.0625
20.6713166666667,331702.96875
20.6899833333333,320147.75
20.70865,315830.46875
20.7273333333333,334040.90625
20.746,337088.5
20.7646666666667,333537.0625
20.78335,339371.5
20.8020166666667,342404.96875
20.8207,340564.4375
20.8393666666667,336376.28125
20.8580333333333,334924.0625
20.8767166666667,334877.625
20.8953833333333,327262.8125
20.91405,322797
20.9327333333333,323331.09375
20.9514,334626.53125
20.9700666666667,327215
20.98875,320967.21875
21.0074166666667,327053.28125
21.0260833333333,316272.375
21.0447666666667,331385.8125
21.0634333333333,317588.78125
21.0821166666667,312756.96875
21.1007833333333,314654.53125
21.11945,316896.9375
21.1381333333333,318301.46875
21.1568,325795.09375
21.1754666666667,320043.40625
21.19415,312903.375
21.2128166666667,316840.8125
21.2314833333333,326910.90625
21.2501666666667,319054.0625
21.2688333333333,311466.1875
21.2875166666667,302488.59375
21.3061833333333,316848.875
21.32485,319066.96875
21.3435333333333,315239.0625
21.3622,317710.53125
21.3808666666667,321542.6875
21.39955,314018.1875
21.4182166666667,326830.75
21.4368833333333,319653.59375
21.4555666666667,326740.28125
21.4742333333333,310611.3125
21.4929166666667,326374.09375
21.5115833333333,311914.1875
21.53025,320307.1875
21.5489333333333,332079.875
21.5676,322646.46875
21.5862666666667,332952.75
21.60495,330656.53125
21.6236166666667,326771.65625
21.6422833333333,338615.8125
21.6609666666667,335419.3125
21.6796333333333,333930.53125
21.6983166666667,332434.71875
21.7169833333333,336568.15625
21.73565,332449.25
21.7543333333333,325383.96875
21.773,333188
21.7916666666667,334842.15625
21.81035,331003.0625
21.8290166666667,338382.09375
21.8476833333333,330171.09375
21.8663666666667,335270.96875
21.8850333333333,329361.40625
21.9037166666667,333602.75
21.9223833333333,325819.1875
21.94105,326970.5
21.9597333333333,330294.5
21.9784,327731.5625
21.9970666666667,321888.3125
22.01575,326390.53125
22.0344166666667,334248.4375
22.0530833333333,334436.53125
22.0717666666667,337762.21875
22.0904333333333,327467.25
22.1091166666667,336792
22.1277833333333,325201.65625
22.14645,327479.09375
22.1651333333333,335092.46875
22.1838,331970.0625
22.2024666666667,334746.53125
22.22115,330416.8125
22.2398166666667,339707.34375
22.2585,343369.34375
22.2771666666667,337397.4375
22.2958333333333,333144
22.3145166666667,320709.28125
22.3331833333333,328318.5625
22.35185,327523.34375
22.3705333333333,329933.71875
22.3892,323901.9375
22.4078666666667,328886.46875
22.42655,318001.21875
22.4452166666667,327915.1875
22.4639,325762.6875
22.4825666666667,334969.75
22.5012333333333,312205.875
22.5199166666667,312518
22.5385833333333,324157.8125
22.55725,324261.4375
22.5759333333333,328441.09375
22.5946,330541.75
22.6132666666667,328741.3125
22.63195,331859.46875
22.6506166666667,326683.59375
22.6693,320044.34375
22.6879666666667,326327.28125
22.7066333333333,332652.9375
22.7253166666667,332740.09375
22.7439833333333,341632.46875
22.76265,330562.96875
22.7813333333333,328120
22.8,323916.34375
22.8186666666667,327503.03125
22.83735,330493.53125
22.8560166666667,330863
22.8747,330210.8125
22.8933666666667,325347.4375
22.9120333333333,316811.21875
22.9307166666667,338720.53125
22.9493833333333,326186.15625
22.96805,313614.71875
22.9867333333333,317709.53125
23.0054,310834.0625
23.0240666666667,326790.21875
23.04275,323393.1875
23.0614166666667,319094.1875
23.0801,320165.6875
23.0987666666667,326046.53125
23.1174333333333,334687.15625
23.1361166666667,323618.0625
23.1547833333333,317226.375
23.17345,326801.625
23.1921333333333,310361.96875
23.2108,315854.03125
23.2294666666667,319313.1875
23.24815,304820.875
23.2668166666667,318496.59375
23.2855,318611.59375
23.3041666666667,310276.09375
23.3228333333333,315772.1875
23.3415166666667,315858.8125
23.3601833333333,327353.65625
23.37885,318719.4375
23.3975333333333,325355.78125
23.4162,327352.3125
23.4348666666667,340099.34375
23.45355,328659.6875
23.4722166666667,313733.4375
23.4909,324498.65625
23.5095666666667,316342.0625
23.5282333333333,315130.15625
23.5469166666667,323602.5
23.5655833333333,315103.9375
23.58425,315314.1875
23.6029333333333,324285.9375
23.6216,329811.8125
23.6402666666667,331858.90625
23.65895,323550.65625
23.6776166666667,312427.1875
23.6963,322187.46875
23.7149666666667,320815.25
23.7336333333333,301281.125
23.7523166666667,315960.65625
23.7709833333333,315724.375
23.78965,324039.09375
23.8083333333333,313099.59375
23.827,326629.78125
23.8456666666667,308989.03125
23.86435,314265.71875
23.8830166666667,313027.09375
23.9017,309179.4375
23.9203666666667,314651.21875
23.9390333333333,332092.25
23.9577166666667,315129.4375
23.9763833333333,318633.09375
23.99505,320126.40625
24.0137333333333,331905.96875
24.0324,338772.34375
24.0510666666667,335746.75
24.06975,324541.71875
24.0884166666667,329124.59375
24.1071,335504.53125
24.1257666666667,343157.875
24.1444333333333,329361.375
24.1631166666667,319271.8125
24.1817833333333,325242.96875
24.20045,319587.375
24.2191333333333,311289.15625
24.2378,325440.03125
24.2564666666667,331020.9375
24.27515,326629.0625
24.2938166666667,332035.875
24.3125,319714.125
24.3311666666667,323408.125
24.3498333333333,321263.96875
24.3685166666667,318231.0625
24.3871833333333,304167.71875
24.40585,324507.3125
24.4245333333333,321004.625
24.4432,318975.84375
24.4618833333333,323544.03125
24.48055,317418.46875
24.4992166666667,318227.90625
24.5179,321070.75
24.5365666666667,324461.21875
24.5552333333333,328376.96875
24.5739166666667,334815.3125
24.5925833333333,328078.875
24.61125,315602.375
24.6299333333333,307626.09375
24.6486,324601.5
24.6672666666667,330217.6875
24.68595,330238.59375
24.7046166666667,335150.875
24.7233,328274.21875
24.7419666666667,331071.78125
24.7606333333333,340358.5
24.7793166666667,340831.09375
24.7979833333333,339043.84375
24.81665,336017.53125
24.8353333333333,346322.875
24.854,332722.75
24.8726666666667,336686.5
24.89135,332767.09375
24.9100166666667,327825.84375
24.9286833333333,341725.46875
24.9473666666667,341767.4375
24.9660333333333,341717.34375
24.9847166666667,341141.375
25.0033833333333,342742.375
25.02205,335247.875
25.0407333333333,343102.5
25.0594,335424.59375
25.0780666666667,351625.53125
25.09675,343430.8125
25.1154166666667,332139.15625
25.1340833333333,334690.875
25.1527666666667,336025.75
25.1714333333333,328858.875
25.1901166666667,329320.59375
25.2087833333333,332608.46875
25.22745,332935.125
25.2461333333333,338690.375
25.2648,345372.15625
25.2834666666667,354302.125
25.30215,331282.8125
25.3208166666667,343754.84375
25.3394833333333,350492.90625
25.3581666666667,360691.78125
25.3768333333333,355260.78125
25.3955166666667,365252.375
25.4141833333333,344637.53125
25.43285,358174.5
25.4515333333333,351368.3125
25.4702,359049.03125
25.4888666666667,354948.59375
25.50755,349750.09375
25.5262166666667,362849.0625
25.5448833333333,347307.5
25.5635666666667,359730.4375
25.5822333333333,355794.8125
25.6009166666667,349228.5
25.6195833333333,349183.9375
25.63825,353208.71875
25.6569333333333,345927.40625
25.6756,343632.21875
25.6942666666667,355682.25
25.71295,359614.09375
25.7316166666667,356712.375
25.7502833333333,341793.4375
25.7689666666667,336729.375
25.7876333333333,352895.75
25.8063,352004.09375
25.8249833333333,347961.4375
25.84365,353487.4375
25.8623333333333,356361.03125
25.881,348019
25.8996666666667,340245.6875
25.91835,345321
25.9370166666667,346080.875
25.9556833333333,344761.28125
25.9743666666667,355104.78125
25.9930333333333,359186.9375
26.0117,355822.78125
26.0303833333333,338881.53125
26.04905,345729.84375
26.0677166666667,349772.15625
26.0864,348017.34375
26.1050666666667,354536.21875
26.12375,348058.8125
26.1424166666667,348592.15625
26.1610833333333,336627.375
26.1797666666667,335898.25
26.1984333333333,345765.09375
26.2171,349510.5625
26.2357833333333,341488.5
26.25445,333460.8125
26.2731166666667,338674.9375
26.2918,348385.75
26.3104666666667,345545.0625
26.3291333333333,348787.46875
26.3478166666667,346580.4375
26.3664833333333,345896.71875
26.3851666666667,346010.375
26.4038333333333,348345.46875
26.4225,339687.75
26.4411833333333,342875.53125
26.45985,348218.03125
26.4785166666667,356752.21875
26.4972,353031.59375
26.5158666666667,358808.53125
26.5345333333333,361679.5625
26.5532166666667,373820.46875
26.5718833333333,376357.90625
26.59055,380685.40625
26.6092333333333,395729.8125
26.6279,410964.96875
26.6465833333333,414877.3125
26.66525,433710.71875
26.6839166666667,443745
26.7026,447600.65625
26.7212666666667,456208.90625
26.7399333333333,459106.1875
26.7586166666667,439612.1875
26.7772833333333,417453.9375
26.79595,412830.65625
26.8146333333333,405909.59375
26.8333,396879.15625
26.8519666666667,387112.9375
26.87065,392700.78125
26.8893166666667,385982.9375
26.9079833333333,380204.3125
26.9266666666667,370850.59375
26.9453333333333,365328.65625
26.9640166666667,365440.46875
26.9826833333333,353385.6875
27.00135,359176.75
27.0200333333333,367942.625
27.0387,368740.625
27.0573666666667,357587.71875
27.07605,366965.75
27.0947166666667,347190.46875
27.1133833333333,356648.3125
27.1320666666667,362705.1875
27.1507333333333,354737.75
27.1694,359466.28125
27.1880833333333,370108.3125
27.20675,362825.4375
27.2254333333333,355011.3125
27.2441,364836.3125
27.2627666666667,355513.65625
27.28145,344782.75
27.3001166666667,357515.3125
27.3187833333333,372846.09375
27.3374666666667,367204.0625
27.3561333333333,359925.625
27.3748,367804.53125
27.3934833333333,365027.09375
27.41215,360043.8125
27.4308166666667,348519.03125
27.4495,356035.4375
27.4681666666667,349510.53125
27.48685,345080.75
27.5055166666667,343253.96875
27.5241833333333,337661.59375
27.5428666666667,338192.09375
27.5615333333333,359449.625
27.5802,349125.125
27.5988833333333,354345.25
27.61755,340867.5625
27.6362166666667,344013.21875
27.6549,338963.3125
27.6735666666667,338908.5
27.69225,346614.1875
27.7109166666667,345160.78125
27.7295833333333,347056.59375
27.7482666666667,353992.09375
27.7669333333333,337778
27.7856,356225.09375
27.8042833333333,348395.53125
27.82295,346058.34375
27.8416333333333,340577.75
27.8603,340437.5
27.8789666666667,340532.53125
27.89765,342764.65625
27.9163166666667,347078.28125
27.9349833333333,347371.96875
27.9536666666667,372009.75
27.9723333333333,349624.65625
27.991,338593.8125
28.0096833333333,331112.8125
28.02835,344626.21875
28.0470166666667,341630.71875
28.0657,329189.6875
28.0843666666667,333016.0625
28.1030333333333,346052.53125
28.1217166666667,342693.75
28.1403833333333,337246.75
28.1590666666667,349397.875
28.1777333333333,348418.03125
28.1964,345951.65625
28.2150833333333,344260.1875
28.23375,346893.09375
28.2524166666667,353197.25
28.2711,354182.03125
28.2897666666667,354385.75
28.30845,352218.875
28.3271166666667,338177.34375
28.3457833333333,340433.8125
28.3644666666667,340879.375
28.3831333333333,343416.5
28.4018,343696.3125
28.4204833333333,342586
28.43915,331448.0625
28.4578166666667,340119.25
28.4765,351654.8125
28.4951666666667,335980.375
28.5138333333333,332124.46875
28.5325166666667,341926.875
28.5511833333333,349442.21875
28.56985,348418.78125
28.5885333333333,350728.65625
28.6072,352580.59375
28.6258833333333,348724
28.64455,341568.875
28.6632166666667,336496.09375
28.6819,339415.375
28.7005666666667,339283.53125
28.7192333333333,355461.3125
28.7379166666667,353665.3125
28.7565833333333,352403.6875
28.77525,353053.8125
28.7939333333333,345662.4375
28.8126,338658.75
28.8312666666667,348011
28.84995,346373.46875
28.8686166666667,345208.96875
28.8873,343569.28125
28.9059666666667,340418.71875
28.9246333333333,348014.9375
28.9433166666667,342166.03125
28.9619833333333,344821.40625
28.98065,339143.21875
28.9993333333333,346975.65625
29.018,348330.21875
29.0366666666667,350377.375
29.05535,350283.625
29.0740166666667,356013.59375
29.0926833333333,345058.125
29.1113666666667,337436.53125
29.1300333333333,344313.46875
29.1487,340320
29.1673833333333,329041.59375
29.18605,337451.5
29.2047333333333,341000.0625
29.2234,356567.65625
29.2420666666667,340941.4375
29.26075,352269.28125
29.2794166666667,350274.3125
29.2980833333333,360884
29.3167666666667,360925.875
29.3354333333333,337976.21875
29.3541,341365.25
29.3727833333333,347690.96875
29.39145,353393.6875
29.4101333333333,343307
29.4288,342319.59375
29.4474666666667,350404.375
29.46615,347137.21875
29.4848166666667,343145.46875
29.5034833333333,354496.9375
29.5221666666667,344866.09375
29.5408333333333,334446.90625
29.5595,349361
29.5781833333333,352266.34375
29.59685,348211.3125
29.6155166666667,354533.375
29.6342,339669.375
29.6528666666667,354125.40625
29.67155,347398.03125
29.6902166666667,358719.0625
29.7088833333333,351466.375
29.7275666666667,344984.53125
29.7462333333333,345291.625
29.7649,339610.4375
29.7835833333333,348349.65625
29.80225,347974.59375
29.8209166666667,335643.96875
29.8396,349325.46875
29.8582666666667,346372.75
29.8769333333333,338578.71875
29.8956166666667,348980.75
29.9142833333333,350495.40625
29.9329666666667,352271.78125
29.9516333333333,351734.40625
29.9703,352287.09375
29.9889833333333,352749.8125
30.00765,355825.09375
30.0263166666667,363609.5625
30.045,364791.46875
30.0636666666667,371456.8125
30.0823333333333,362560.46875
30.1010166666667,371564.96875
30.1196833333333,370166.28125
30.1383666666667,363661.59375
30.1570333333333,361340
30.1757,360039.15625
30.1943833333333,356820.8125
30.21305,362406.25
30.2317166666667,353065.65625
30.2504,372902.75
30.2690666666667,358313.03125
30.2877333333333,370144.84375
30.3064166666667,362614.84375
30.3250833333333,366317.59375
30.34375,365763.9375
30.3624333333333,353548.53125
30.3811,358442.78125
30.3997833333333,358001.03125
30.41845,375341.28125
30.4371166666667,359255.21875
30.4558,374709.28125
30.4744666666667,366193.78125
30.4931333333333,361850.875
30.5118166666667,357749.59375
30.5304833333333,351926.8125
30.54915,348930.96875
30.5678333333333,354514.09375
30.5865,359312.375
30.6051666666667,356455.15625
30.62385,358369.96875
30.6425166666667,350041.03125
30.6612,373989.21875
30.6798666666667,359843.78125
30.6985333333333,381651.53125
30.7172166666667,375473.375
30.7358833333333,378835.46875
30.75455,373074.21875
30.7732333333333,362477.3125
30.7919,360018.3125
30.8105666666667,362334.90625
30.82925,362472.25
30.8479166666667,355709.6875
30.8665833333333,356940.28125
30.8852666666667,366990.8125
30.9039333333333,361171.25
30.9226166666667,367324.9375
30.9412833333333,368122.125
30.95995,362136.5625
30.9786333333333,364532.875
30.9973,364815.78125
31.0159666666667,358429.59375
31.03465,358619.875
31.0533166666667,364561.25
31.0719833333333,373552.09375
31.0906666666667,372324.21875
31.1093333333333,373939.21875
31.128,371239.875
31.1466833333333,373279.34375
31.16535,376527.5
31.1840166666667,374943.03125
31.2027,363432.0625
31.2213666666667,360918
31.24005,366274.40625
31.2587166666667,376304.125
31.2773833333333,402242.34375
31.2960666666667,383556.65625
31.3147333333333,394281
31.3334,409363.65625
31.3520833333333,411361.9375
31.37075,390393.21875
31.3894166666667,393394.375
31.4081,405693.40625
31.4267666666667,388981.71875
31.4454333333333,384580.90625
31.4641166666667,376286.5625
31.4827833333333,365931.53125
31.5014666666667,372806
31.5201333333333,371622.03125
31.5388,375453.125
31.5574833333333,368532.21875
31.57615,372337.375
31.5948166666667,370254.8125
31.6135,368186.1875
31.6321666666667,381304.53125
31.6508333333333,366699.96875
31.6695166666667,367755.03125
31.6881833333333,354194.03125
31.70685,359056.65625
31.7255333333333,359469.75
31.7442,368318.3125
31.7628833333333,374510.28125
31.78155,372491.375
31.8002166666667,368587.5625
31.8189,376003.21875
31.8375666666667,367608.9375
31.8562333333333,371569.53125
31.8749166666667,366877.9375
31.8935833333333,366431.1875
31.91225,366441.53125
31.9309333333333,382623.8125
31.9496,369843.03125
31.9682666666667,370753.8125
31.98695,373294.6875
32.0056166666667,368082.4375
32.0242833333333,361426.96875
32.0429666666667,365885.3125
32.0616333333333,364938.09375
32.0803166666667,373953.875
32.0989833333333,362976.5
32.11765,360339.625
32.1363333333333,363862.5
32.155,382805.0625
32.1736666666667,380110.625
32.19235,378200.78125
32.2110166666667,367013.34375
32.2296833333333,361291.21875
32.2483666666667,370978.53125
32.2670333333333,378081.375
32.2857,383607.875
32.3043833333333,367408.5625
32.32305,362783.5
32.3417166666667,367578.1875
32.3604,363108.4375
32.3790666666667,369743.03125
32.39775,374119.46875
32.4164166666667,362385.59375
32.4350833333333,374284.9375
32.4537666666667,364050.03125
32.4724333333333,357315.53125
32.4911,365154.625
32.5097833333333,371290.5625
32.52845,360889.3125
32.5471166666667,368272.71875
32.5658,368038.96875
32.5844666666667,372799.65625
32.60315,371581.59375
32.6218166666667,361155.375
32.6404833333333,376694.875
32.6591666666667,370510.59375
32.6778333333333,353215.09375
32.6965,362792.0625
32.7151833333333,359487.65625
32.73385,359972.5
32.7525166666667,348614.53125
32.7712,346229.40625
32.7898666666667,354646.28125
32.8085333333333,361327.21875
32.8272166666667,354457.03125
32.8458833333333,360611.875
32.86455,352210.84375
32.8832333333333,371247.5
32.9019,362670.46875
32.9205833333333,356584.0625
32.93925,361917.59375
32.9579166666667,357501.78125
32.9766,355008.46875
32.9952666666667,364372.625
33.0139333333333,359278.90625
33.0326166666667,348004
33.0512833333333,359623.25
33.06995,356724.75
33.0886333333333,353471.15625
33.1073,360763.65625
33.1259833333333,368638.90625
33.14465,349879.0625
33.1633166666667,351405.875
33.182,346472.34375
33.2006666666667,368505.9375
33.2193333333333,352622.09375
33.2380166666667,354132.5625
33.2566833333333,357290.15625
33.27535,360267.625
33.2940333333333,365627.375
33.3127,372426.71875
33.3313833333333,369436.8125
33.35005,357244.25
33.3687166666667,367492.8125
33.3874,372923
33.4060666666667,379960.5
33.4247333333333,371018.375
33.4434166666667,373961.5625
33.4620833333333,372456.53125
33.48075,367772
33.4994333333333,372838.21875
33.5181,369558.78125
33.5367666666667,372448.375
33.55545,361508.65625
33.5741166666667,365605.78125
33.5928,371412
33.6114666666667,374682.28125
33.6301333333333,368428.84375
33.6488166666667,362331.21875
33.6674833333333,369683.53125
33.68615,356779.8125
33.7048333333333,352555.09375
33.7235,348926.8125
33.7421666666667,362418.53125
33.76085,361719.96875
33.7795166666667,347005.65625
33.7981833333333,350603.125
33.8168666666667,369285.65625
33.8355333333333,370406.5
33.8542166666667,370409.90625
33.8728833333333,345836.0625
33.89155,352868.59375
33.9102333333333,367181.75
33.9289,375843.15625
33.9475666666667,365970.0625
33.96625,351179.34375
33.9849166666667,361627.9375
34.0035833333333,371523.59375
34.0222666666667,363803.78125
34.0409333333333,363087.3125
34.0596,365438.59375
34.0782833333333,369843.4375
34.09695,366091.09375
34.1156333333333,364279.03125
34.1343,367835.875
34.1529666666667,368806.875
34.17165,363508.90625
34.1903166666667,359950.125
34.2089833333333,368586.84375
34.2276666666667,365860.875
34.2463333333333,368857.375
34.265,371579.65625
34.2836833333333,375307.1875
34.30235,367465.78125
34.3210333333333,364101.09375
34.3397,379663.3125
34.3583666666667,365910.25
34.37705,370095.59375
34.3957166666667,357199.71875
34.4143833333333,370958.59375
34.4330666666667,366482.125
34.4517333333333,366194.8125
34.4704,367579.875
34.4890833333333,377305
34.50775,376785.5
34.5264166666667,364345.21875
34.5451,371947.34375
34.5637666666667,366676.3125
34.5824333333333,374311.9375
34.6011166666667,375572.6875
34.6197833333333,380527.03125
34.6384666666667,368254.46875
34.6571333333333,375820.9375
34.6758,367728.09375
34.6944833333333,374291.125
34.71315,360333.1875
34.7318166666667,367463.40625
34.7505,362662.9375
34.7691666666667,382436.40625
34.7878333333333,370293.15625
34.8065166666667,373237.25
34.8251833333333,387612.125
34.8438666666667,364387.28125
34.8625333333333,364812.71875
34.8812,370266.8125
34.8998833333333,369573.3125
34.91855,375505
34.9372166666667,365598.25
34.9559,373197.4375
34.9745666666667,375876.6875
34.9932333333333,373770.65625
35.0119166666667,383349.09375
35.0305833333333,389627.875
35.04925,388062.1875
35.0679333333333,373728
35.0866,364575.28125
35.1052833333333,375181.3125
35.12395,358540.3125
35.1426166666667,378915.75
35.1613,385929.03125
35.1799666666667,386483.09375
35.1986333333333,371082.3125
35.2173166666667,394211.71875
35.2359833333333,374059.28125
35.25465,371480.09375
35.2733333333333,382875
35.292,386574.25
35.3106666666667,376072.9375
35.32935,379291.375
35.3480166666667,387669.78125
35.3667,380583.65625
35.3853666666667,370882.03125
35.4040333333333,381886.9375
35.4227166666667,382891.3125
35.4413833333333,369182.09375
35.46005,378441.5625
35.4787333333333,381922.59375
35.4974,388938.5
35.5160666666667,394173.4375
35.53475,379652.96875
35.5534166666667,385003.0625
35.5720833333333,392739.65625
35.5907666666667,384058.0625
35.6094333333333,385536.4375
35.6281,372766.65625
35.6467833333333,374686.34375
35.66545,383014.09375
35.6841166666667,379779.8125
35.7028,382886.4375
35.7214666666667,379969.84375
35.74015,382913.71875
35.7588166666667,383080.28125
35.7774833333333,393614.0625
35.7961666666667,387957.78125
35.8148333333333,379801.34375
35.8335,383091.375
35.8521833333333,380980.5
35.87085,373540.15625
35.8895166666667,382107.625
35.9082,377879.78125
35.9268666666667,383388.5625
35.9455333333333,388781.21875
35.9642166666667,378784.875
35.9828833333333,383259.65625
36.00155,390381.3125
36.0202333333333,388407.6875
36.0389,388358.15625
36.0575666666667,382866.03125
36.07625,391053.28125
36.0949166666667,376758
36.1136,394214.0625
36.1322666666667,388046.21875
36.1509333333333,384136.5
36.1696166666667,385038.3125
36.1882833333333,397842.9375
36.20695,392560.4375
36.2256333333333,390442.09375
36.2443,396912.3125
36.2629666666667,393038.96875
36.28165,391732.21875
36.3003166666667,399441.40625
36.3189833333333,386461.53125
36.3376666666667,395435.09375
36.3563333333333,384161.6875
36.375,387791.1875
36.3936833333333,385051.84375
36.41235,387803
36.4310166666667,402249.46875
36.4497,394399.71875
36.4683666666667,399197.65625
36.48705,402729.34375
36.5057166666667,385004.09375
36.5243833333333,379082
36.5430666666667,402612.71875
36.5617333333333,397227.28125
36.5804,393008.5
36.5990833333333,402890.09375
36.61775,393195.125
36.6364166666667,406293.5
36.6551,407347.5625
36.6737666666667,403604.5
36.6924333333333,401893.875
36.7111166666667,395649.4375
36.7297833333333,407238.375
36.74845,397977.15625
36.7671333333333,406436.8125
36.7858,404612.3125
36.8044833333333,390922.84375
36.82315,400132.09375
36.8418166666667,393730.78125
36.8605,392864.0625
36.8791666666667,413443.8125
36.8978333333333,398052.5625
36.9165166666667,390695.96875
36.9351833333333,397567.65625
36.95385,389254.21875
36.9725333333333,393151.53125
36.9912,410126.28125
37.0098666666667,391934.09375
37.02855,397650.65625
37.0472166666667,399562.5625
37.0658833333333,392155.59375
37.0845666666667,392281.28125
37.1032333333333,410170.71875
37.1219166666667,391281.4375
37.1405833333333,385369.375
37.15925,393151.875
37.1779333333333,398731.78125
37.1966,388871.4375
37.2152666666667,383771.28125
37.23395,411370.84375
37.2526166666667,403887.65625
37.2712833333333,402126.75
37.2899666666667,420689.875
37.3086333333333,399113.59375
37.3273,397950.28125
37.3459833333333,407102.03125
37.36465,397739.15625
37.3833333333333,397754.15625
37.402,404278.875
37.4206666666667,408543.78125
37.43935,407214.78125
37.4580166666667,397448.9375
37.4766833333333,402683.4375
37.4953666666667,390310.71875
37.5140333333333,416946.375
37.5327,406161.375
37.5513833333333,408340.65625
37.57005,401900.125
37.5887166666667,404011.84375
37.6074,407459.71875
37.6260666666667,398041.59375
37.6447333333333,408866.53125
37.6634166666667,422933.1875
37.6820833333333,405007.0625
37.70075,423617.75
37.7194333333333,417025.4375
37.7381,421323.71875
37.7567666666667,406939.15625
37.77545,432859.21875
37.7941166666667,412999.625
37.8128,424443.875
37.8314666666667,400136.0625
37.8501333333333,419693.90625
37.8688166666667,419054.09375
37.8874833333333,431409.75
37.90615,426165.375
37.9248333333333,436495.6875
37.9435,437740.78125
37.9621666666667,436964.53125
37.98085,422656.5
37.9995166666667,427038.4375
38.0181833333333,427775.71875
38.0368666666667,412661.9375
38.0555333333333,431250.09375
38.0742,424571.1875
38.0928833333333,417871.59375
38.11155,415205.375
38.1302333333333,415696.21875
38.1489,420387.78125
38.1675666666667,413600.5625
38.18625,412346.9375
38.2049166666667,417333.21875
38.2235833333333,415439.71875
38.2422666666667,417968.65625
38.2609333333333,423319.875
38.2796,421897.4375
38.2982833333333,409541.0625
38.31695,417644.375
38.3356166666667,414836.3125
38.3543,410738.5625
38.3729666666667,417719.125
38.3916333333333,411637.375
38.4103166666667,411981.71875
38.4289833333333,424770.71875
38.44765,426026.28125
38.4663333333333,413558.09375
38.485,411470.15625
38.5036666666667,443366.25
38.52235,424875.375
38.5410166666667,424795.53125
38.5596833333333,429025.9375
38.5783666666667,431306.125
38.5970333333333,429261.78125
38.6157166666667,424870.4375
38.6343833333333,418910.375
38.65305,419153.15625
38.6717333333333,430629.6875
38.6904,447972.71875
38.7090666666667,422604.34375
38.72775,426273.84375
38.7464166666667,430283
38.7650833333333,435858
38.7837666666667,427788.28125
38.8024333333333,436048.34375
38.8211,412853
38.8397833333333,434892.21875
38.85845,431730.0625
38.8771166666667,436649.34375
38.8958,445312.34375
38.9144666666667,444502.625
38.93315,421912.75
38.9518166666667,425487.96875
38.9704833333333,426919
38.9891666666667,429946.40625
39.0078333333333,434693.0625
39.0265,422507.6875
39.0451833333333,435855.53125
39.06385,436105.40625
39.0825166666667,433937.21875
39.1012,428797.3125
39.1198666666667,435675.5
39.1385333333333,431425.78125
39.1572166666667,432094.59375
39.1758833333333,432543.625
39.19455,434740.375
39.2132333333333,437838.5625
39.2319,437098.09375
39.2505666666667,441381.40625
39.26925,432244.0625
39.2879166666667,427811.78125
39.3065833333333,435552.0625
39.3252666666667,453116.09375
39.3439333333333,446267.5
39.3626,447072.59375
39.3812833333333,438900.65625
39.39995,447380.5625
39.4186166666667,436783.65625
39.4373,433129.65625
39.4559666666667,440862.21875
39.47465,435657.1875
39.4933166666667,444415.125
39.5119833333333,437851.15625
39.5306666666667,429657.375
39.5493333333333,442757
39.568,446015
39.5866833333333,440860.28125
39.60535,435882.78125
39.6240166666667,431711.40625
39.6427,424122.15625
39.6613666666667,438439.34375
39.6800333333333,441724.0625
39.6987166666667,434248
39.7173833333333,452284.15625
39.73605,444896.375
39.7547333333333,433775.15625
39.7734,431821.5
39.7920666666667,432420.0625
39.81075,432227.8125
39.8294166666667,446919.96875
39.8480833333333,449087.875
39.8667666666667,457812.5
39.8854333333333,451763.1875
39.9041,439831.875
39.9227833333333,439784.375
39.94145,446022.625
39.9601333333333,450240.71875
39.9788,464531.625
39.9974666666667,447473.96875
40.01615,441497.8125
40.0348166666667,441424.90625
40.0534833333333,442202.1875
40.0721666666667,459019.5
40.0908333333333,453138.5625
40.1095,472263.40625
40.1281833333333,462792.09375
40.14685,458730.375
40.1655166666667,446834.25
40.1842,451676.125
40.2028666666667,439699
40.2215333333333,445396.71875
40.2402166666667,449934.28125
40.2588833333333,465427.28125
40.27755,445822.03125
40.2962333333333,473777.34375
40.3149,461034.21875
40.3335833333333,440050.9375
40.35225,437312.59375
40.3709166666667,441290.09375
40.3896,464415.6875
40.4082666666667,458758
40.4269333333333,455575.28125
40.4456166666667,461776.5625
40.4642833333333,455737.4375
40.48295,452170.90625
40.5016333333333,455952.96875
40.5203,468757.8125
40.5389666666667,466751.5
40.55765,462403.125
40.5763166666667,457267.53125
40.5949833333333,468604.59375
40.6136666666667,451449.40625
40.6323333333333,457610.0625
40.651,474862.28125
40.6696833333333,469273.34375
40.68835,474390.34375
40.7070166666667,464654.53125
40.7257,462208.90625
40.7443666666667,470164.6875
40.76305,485465.9375
40.7817166666667,476741.125
40.8003833333333,480513.625
40.8190666666667,497450.0625
40.8377333333333,487749.375
40.8564,475613.21875
40.8750833333333,487093.625
40.89375,508139.5625
40.9124166666667,503389
40.9311,502571.375
40.9497666666667,505655.9375
40.9684333333333,499447.03125
40.9871166666667,487469.96875
41.0057833333333,498955.71875
41.02445,498208.71875
41.0431333333333,492529
41.0618,491844.65625
41.0804666666667,493537.6875
41.09915,495374.96875
41.1178166666667,499513.96875
41.1364833333333,493487.4375
41.1551666666667,476307.21875
41.1738333333333,497783.1875
41.1925,496728.96875
41.2111833333333,488670.625
41.22985,478486.71875
41.2485166666667,473514.8125
41.2672,475940.03125
41.2858666666667,506066.03125
41.3045333333333,496657.59375
41.3232166666667,502181.875
41.3418833333333,503617.84375
41.36055,482964.21875
41.3792333333333,479323.59375
41.3979,475573
41.4165666666667,498022.90625
41.43525,496808.0625
41.4539166666667,494698.5
41.4726,501265.53125
41.4912666666667,501677.40625
41.5099333333333,511071.0625
41.5286166666667,511758.71875
41.5472833333333,506210.4375
41.56595,510634.6875
41.5846333333333,502179.1875
41.6033,504901.59375
41.6219666666667,511542.34375
41.64065,510501.71875
41.6593166666667,510641.625
41.6779833333333,504210.53125
41.6966666666667,508633.03125
41.7153333333333,502243.53125
41.734,499581.09375
41.7526833333333,510016.6875
41.77135,498484.625
41.7900166666667,507508.3125
41.8087,486069.9375
41.8273666666667,495315.59375
41.8460333333333,498805.25
41.8647166666667,528069.75
41.8833833333333,512708.1875
41.90205,517779.125
41.9207333333333,515862.1875
41.9394,507602.1875
41.9580666666667,528100.375
41.97675,512458.40625
41.9954166666667,517632.6875
42.0140833333333,503111.4375
42.0327666666667,515830.25
42.0514333333333,512864.96875
42.0701,512205.59375
42.0887833333333,526655.1875
42.10745,502815.28125
42.1261166666667,502189.46875
42.1448,494837.5
42.1634666666667,521313.40625
42.1821333333333,496400.90625
42.2008166666667,506658.84375
42.2194833333333,501283.1875
42.23815,498152.875
42.2568333333333,503266.40625
42.2755,506889.25
42.2941666666667,489912.6875
42.31285,493606.71875
42.3315166666667,512153.46875
42.3501833333333,486921.28125
42.3688666666667,506403.53125
42.3875333333333,507829.28125
42.4062,500320.9375
42.4248833333333,485615.5
42.44355,508328.90625
42.4622166666667,504257.625
42.4809,502176.71875
42.4995666666667,500015.75
42.5182333333333,483724.1875
42.5369166666667,501281.40625
42.5555833333333,507317.21875
42.5742666666667,492245.6875
42.5929333333333,508903.6875
42.6116,494751.125
42.6302833333333,498609.1875
42.64895,499164.21875
42.6676166666667,501313.03125
42.6863,525644.1875
42.7049666666667,504331.78125
42.7236333333333,503274.09375
42.7423166666667,503405.125
42.7609833333333,508104.90625
42.77965,511409.75
42.7983333333333,509724.40625
42.817,503000.65625
42.8356666666667,512252.625
42.85435,501163.1875
42.8730166666667,523488.6875
42.8916833333333,507778.125
42.9103666666667,508443.3125
42.9290333333333,508968.34375
42.9477,520394.75
42.9663833333333,516130.34375
42.98505,520560.59375
43.0037166666667,535400.1875
43.0224,512888.6875
43.0410666666667,507885.625
43.0597333333333,514376.78125
43.0784166666667,526852.625
43.0970833333333,518986.78125
43.11575,522637.3125
43.1344333333333,519423.84375
43.1531,510304.625
43.1717666666667,509777.84375
43.19045,511447.53125
43.2091166666667,506280.96875
43.2277833333333,506957.46875
43.2464666666667,514457.65625
43.2651333333333,523269.625
43.2838,507496.59375
43.3024833333333,535063.8125
43.32115,511178.1875
43.3398166666667,530004.1875
43.3585,536417
43.3771666666667,530249
43.3958333333333,536930.8125
43.4145166666667,541364.6875
43.4331833333333,536559.6875
43.4518666666667,520741.34375
43.4705333333333,525813.75
43.4892,511333.40625
43.5078833333333,541478.375
43.52655,529282.6875
43.5452166666667,556975.4375
43.5639,541594.3125
43.5825666666667,536745
43.6012333333333,540387.5625
43.6199166666667,543753.5625
43.6385833333333,539343.1875
43.65725,543331.4375
43.6759333333333,530579.4375
43.6946,542563.1875
43.7132666666667,556253.625
43.73195,550287.125
43.7506166666667,538483.875
43.7692833333333,538992.375
43.7879666666667,539745.25
43.8066333333333,526129
43.8253,532565.125
43.8439833333333,533221.6875
43.86265,523171.21875
43.8813166666667,525613.5625
43.9,534946.25
43.9186666666667,533263.1875
43.9373333333333,534238.8125
43.9560166666667,542807.4375
43.9746833333333,547043.25
43.99335,557682.25
44.0120333333333,554519.375
44.0307,539563.25
44.0493666666667,534579.6875
44.06805,543304.6875
44.0867166666667,543214.4375
44.1053833333333,550144.1875
44.1240666666667,558688.8125
44.1427333333333,558350.25
44.1614,537502.25
44.1800833333333,538607.8125
44.19875,540253.375
44.2174166666667,538164.8125
44.2361,558191.1875
44.2547666666667,566542.3125
44.2734333333333,547402.25
44.2921166666667,550454.375
44.3107833333333,537022.4375
44.32945,528399.1875
44.3481333333333,534426.375
44.3668,540881.9375
44.3854666666667,565700.375
44.40415,544439.5
44.4228166666667,562250.25
44.4414833333333,561953.25
44.4601666666667,559831.625
44.4788333333333,571743.625
44.4975,571788.8125
44.5161833333333,561019.125
44.53485,564917.3125
44.5535166666667,559152.8125
44.5722,564877.6875
44.5908666666667,576584.9375
44.6095333333333,561713.75
44.6282166666667,587224
44.6468833333333,573783.1875
44.66555,580282.3125
44.6842333333333,578412.5625
44.7029,577352.5625
44.7215666666667,579102.25
44.74025,596961.8125
44.7589166666667,582243.125
44.7775833333333,577531.75
44.7962666666667,592007
44.8149333333333,581042.5625
44.8336,565842.8125
44.8522833333333,551512.3125
44.87095,578195.0625
44.8896166666667,585040
44.9083,575599.5
44.9269666666667,571278.0625
44.9456333333333,551710
44.9643166666667,553129
44.9829833333333,563638.8125
45.00165,556011.6875
45.0203333333333,555657.8125
45.039,568454.875
45.0576666666667,560196.0625
45.07635,558042.1875
45.0950166666667,567284.625
45.1136833333333,571245.25
45.1323666666667,574315.25
45.1510333333333,600182.125
45.1697,575225.4375
45.1883833333333,600199.9375
45.20705,576217.875
45.2257166666667,575774.375
45.2444,582527.375
45.2630666666667,599742.375
45.2817333333333,591996
45.3004166666667,590806.625
45.3190833333333,593283.75
45.33775,606121
45.3564333333333,602814.75
45.3751,594204.875
45.3937666666667,593717.6875
45.41245,601867.875
45.4311166666667,596136.6875
45.4497833333333,593186.5
45.4684666666667,599944.8125
45.4871333333333,589488
45.5058,590657.1875
45.5244833333333,593960.9375
45.54315,589831.875
45.5618166666667,583786.125
45.5804833333333,583876.25
45.5991666666667,586716.375
45.6178333333333,589862.75
45.6365,591721.4375
45.6551833333333,583916.0625
45.67385,598974.6875
45.6925166666667,575069.6875
45.7112,594065.875
45.7298666666667,590257.8125
45.7485333333333,593750.4375
45.7672166666667,582653.25
45.7858833333333,595370.8125
45.80455,579743.1875
45.8232333333333,577239.1875
45.8419,606434.5
45.8605666666667,590077.375
45.87925,592850.1875
45.8979166666667,576610.25
45.9165833333333,570831.75
45.9352666666667,588905.25
45.9539333333333,601096.375
45.9726,598829.625
45.9912833333333,595990.9375
46.00995,602333.4375
46.0286166666667,599764.75
46.0473,588117.375
46.0659666666667,599142.5
46.0846333333333,613464.625
46.1033166666667,595418.375
46.1219833333333,604420.4375
46.14065,591893.25
46.1593333333333,610439.9375
46.178,605180.8125
46.1966666666667,606726.5
46.21535,605636.25
46.2340166666667,615006.1875
46.2526833333333,608549.5625
46.2713666666667,611739.5625
46.2900333333333,610500.4375
46.3087,613634.5
46.3273833333333,618578.5
46.34605,605257.1875
46.3647166666667,609657.875
46.3834,615245.8125
46.4020666666667,616359.5
46.4207333333333,607903.1875
46.4394166666667,602024.5
46.4580833333333,618369.9375
46.47675,611210.125
46.4954333333333,615550.8125
46.5141,629191.0625
46.5327666666667,625184.0625
46.55145,621437.9375
46.5701166666667,646839.6875
46.5887833333333,629493.8125
46.6074666666667,617095.5625
46.6261333333333,622475.625
46.6448,622335.4375
46.6634833333333,603817.3125
46.68215,616285
46.7008166666667,637519.5625
46.7195,636577.9375
46.7381666666667,652003.8125
46.7568333333333,617914.4375
46.7755166666667,631202.8125
46.7941833333333,628378.375
46.81285,649658.375
46.8315333333333,652871.25
46.8502,630151.5
46.8688666666667,634549.4375
46.88755,640352.3125
46.9062166666667,664759.25
46.9248833333333,646305.6875
46.9435666666667,657337.4375
46.9622333333333,642268.875
46.9809,639587.4375
46.9995833333333,642528
47.01825,641475.5
47.0369166666667,651834.9375
47.0556,634315.5625
47.0742666666667,638905.625
47.0929333333333,644178.6875
47.1116,682310.875
47.1302833333333,638369.625
47.14895,659728.75
47.1676166666667,635398.1875
47.1863,654756.8125
47.2049666666667,650326.4375
47.2236333333333,648475.1875
47.2423166666667,656897.5625
47.2609833333333,641166.0625
47.27965,650899.5625
47.2983333333333,645432.0625
47.317,652283.625
47.3356666666667,646755.75
47.35435,645397.0625
47.3730166666667,643634.75
47.3916833333333,656070.3125
47.4103666666667,675630.6875
47.4290333333333,646747.5
47.4477,643589.9375
47.4663833333333,660360.625
47.48505,673021.3125
47.5037166666667,676441.0625
47.5224,661009.3125
47.5410666666667,676698.1875
47.5597333333333,664581.375
47.5784166666667,664912.3125
47.5970833333333,682554.8125
47.61575,660416.75
47.6344333333333,678153.75
47.6531,670825.25
47.6717666666667,674738.5625
47.69045,663116.1875
47.7091166666667,659951.875
47.7277833333333,679281.4375
47.7464666666667,659522.5625
47.7651333333333,678449
47.7838,674412.5
47.8024833333333,646590
47.82115,672704.25
47.8398166666667,675415.5625
47.8585,692349.0625
47.8771666666667,667449.5
47.8958333333333,677407.1875
47.9145166666667,673542.3125
47.9331833333333,669513.75
47.95185,673697.625
47.9705333333333,670814.8125
47.9892,673145
48.0078666666667,642490.875
48.0265333333333,662832.25
48.0452166666667,663244
48.0638833333333,674542.8125
48.08255,663094.875
48.1012333333333,685112.375
48.1199,677508.9375
48.1385666666667,669506.0625
48.15725,688499
48.1759166666667,686478.4375
48.1945833333333,679847.5
48.2132666666667,700327.1875
48.2319333333333,696504.3125
48.2506,695637.875
48.2692833333333,702767.125
48.28795,700291.4375
48.3066166666667,686714.0625
48.3253,695085.8125
48.3439666666667,675198.75
48.3626333333333,702947.625
48.3813166666667,670143.0625
48.3999833333333,689679.1875
48.41865,688085.9375
48.4373333333333,702036.5625
48.456,688976.625
48.4746666666667,718728.375
48.49335,695370.75
48.5120166666667,688030.4375
48.5306833333333,697943.125
48.5493666666667,699102.25
48.5680333333333,694774.5
48.5867,708314.0625
48.6053833333333,702974.625
48.62405,701173.125
48.6427166666667,693377.1875
48.6613833333333,686690.9375
48.6800666666667,704173.6875
48.6987333333333,700211.375
48.7174,695162.875
48.7360833333333,723769.0625
48.75475,718897.375
48.7734166666667,716186.875
48.7921,728739.25
48.8107666666667,721129.625
48.8294333333333,698983.1875
48.8481166666667,704769.3125
48.8667833333333,721876.9375
48.88545,708148.875
48.9041333333333,717829.5625
48.9228,726873
48.9414666666667,714963.0625
48.96015,722151.6875
48.9788166666667,717324.875
48.9974833333333,742602.75
49.0161666666667,733174.75
49.0348333333333,737880.25
49.0535,731067.5625
49.0721666666667,715663.5
49.09085,712330
49.1095166666667,732953.375
49.1281833333333,725276.125
49.1468666666667,729990.125
49.1655333333333,725762.0625
49.1842,723563.8125
49.2028833333333,729424.4375
49.22155,716754.625
49.2402166666667,727490.1875
49.2589,728023.6875
49.2775666666667,722476.5
49.2962333333333,723550.0625
49.3149166666667,738180.25
49.3335833333333,760730.8125
49.35225,747309
49.3709166666667,749026.4375
49.3896,741732.5
49.4082666666667,739355.4375
49.4269333333333,735420
49.4456166666667,742097.3125
49.4642833333333,759841.5625
49.48295,734894.375
49.5016333333333,741089.75
49.5203,788059.125
49.5389666666667,759173.5625
49.55765,731262.875
49.5763166666667,750425.875
49.5949833333333,765169
49.6136666666667,761172.9375
49.6323333333333,753193
49.651,757761.0625
49.6696833333333,738079.875
49.68835,736608.75
49.7070166666667,755884.625
49.7257,733565.5
49.7443666666667,754796.25
49.7630333333333,786274.75
49.7817166666667,753447.5
49.8003833333333,773494.8125
49.81905,759887.4375
49.8377333333333,747636.6875
49.8564,765134.9375
49.8750666666667,777452.5625
49.89375,759081.4375
49.9124166666667,766565.625
49.9310833333333,767320.6875
49.94975,774127.875
49.9684333333333,784123.1875
49.9871,786017.5625
50.0057666666667,781017.6875
50.02445,796099
50.0431166666667,782980.875
50.0617833333333,772629.1875
50.0804666666667,782606.5
50.0991333333333,777880.1875
50.1178,774135.0625
50.1364833333333,797743.9375
50.15515,781526.125
50.1738166666667,768365.75
50.1925,808261.625
50.2111666666667,774405.25
50.2298333333333,796557.625
50.2485,784920.25
50.2671833333333,783342.6875
50.28585,799739.5625
50.3045166666667,791298.75
50.3232,789407.9375
50.3418666666667,802844.75
50.3605333333333,802955.625
50.3792166666667,798181.1875
50.3978833333333,774116.5625
50.41655,788342.8125
50.4352333333333,804763.75
50.4539,811007.3125
50.4725666666667,797958.1875
50.49125,805269.6875
50.5099166666667,792506.375
50.5285833333333,781912.4375
50.5472666666667,811410.3125
50.5659333333333,787449.25
50.5846,796624.5
50.6032666666667,799056.25
50.62195,790180.625
50.6406166666667,802928.8125
50.6592833333333,799407.3125
50.6779666666667,802328.5625
50.6966333333333,828248.1875
50.7153,819600.8125
50.7339833333333,826785.0625
50.75265,805300.875
50.7713166666667,815809.1875
50.79,796465.375
50.8086666666667,823188.3125
50.8273333333333,794393.625
50.8460166666667,801024.4375
50.8646833333333,809695.875
50.88335,809616.75
50.9020333333333,817118.375
50.9207,815148.1875
50.9393666666667,817329.5625
50.95805,830832.5
50.9767166666667,823472.0625
50.9953833333333,819417.25
51.01405,828532.5625
51.0327333333333,841024.9375
51.0514,848902.5
51.0700666666667,830616.25
51.08875,824909.5625
51.1074166666667,822268.5
51.1260833333333,852217.375
51.1447666666667,828568.3125
51.1634333333333,815966.9375
51.1821,836411.625
51.2007833333333,820452.375
51.21945,841159.9375
51.2381166666667,828592.6875
51.2567833333333,860297.75
51.2754666666667,851276.4375
51.2941333333333,855085.4375
51.3128,853426.25
51.3314833333333,849357.375
51.35015,856826.1875
51.3688166666667,837683.1875
51.3875,839332
51.4061666666667,830570.375
51.4248333333333,838158.875
51.4435166666667,852532.25
51.4621833333333,880025.375
51.48085,859567.4375
51.4995333333333,847075.625
51.5182,836738.0625
51.5368666666667,847987.6875
51.55555,854340.25
51.5742166666667,881303.6875
51.5928833333333,866509.125
51.61155,873472.25
51.6302333333333,877753.6875
51.6489,872615.9375
51.6675666666667,875729.4375
51.68625,870615.25
51.7049166666667,878781.5
51.7235833333333,881164.1875
51.7422666666667,906344.375
51.7609333333333,897908.3125
51.7796,889994.4375
51.7982666666667,888399.375
51.81695,891679.75
51.8356166666667,903249.75
51.8542833333333,896109.8125
51.8729666666667,893168.8125
51.8916333333333,881499.1875
51.9103,906428.1875
51.9289833333333,897699.5625
51.94765,880717.3125
51.9663166666667,892324
51.985,878550.8125
52.0036666666667,897918.6875
52.0223333333333,910181.375
52.041,896107.4375
52.0596833333333,908882.125
52.07835,896626.5625
52.0970166666667,912011.4375
52.1157,905594.875
52.1343666666667,895024
52.1530333333333,906622.125
52.1717166666667,892254.125
52.1903833333333,908628.875
52.20905,905000.25
52.2277333333333,870470
52.2464,899321.125
52.2650666666667,890005.8125
52.2837333333333,920246.375
52.3024166666667,895965.25
52.3210833333333,893095.8125
52.33975,875513.6875
52.3584333333333,899254.5625
52.3771,878999.25
52.3957666666667,884858.1875
52.41445,888885.25
52.4331166666667,912989.6875
52.4517833333333,904709.25
52.4704666666667,900855.25
52.4891333333333,913004.0625
52.5078,927175.0625
52.5264833333333,934299.4375
52.54515,956108.3125
52.5638166666667,932803.375
52.5824833333333,917144
52.6011666666667,925131
52.6198333333333,933544.125
52.6385,942816.9375
52.6571833333333,937582.5625
52.67585,947043.0625
52.6945166666667,950670.375
52.7132,943039.9375
52.7318666666667,968504.625
52.7505333333333,976537.0625
52.7692166666667,960135.5625
52.7878833333333,987621.25
52.80655,955959.3125
52.8252166666667,957425.75
52.8439,959201.5625
52.8625666666667,977490.75
52.8812333333333,984321.625
52.8999166666667,967864.375
52.9185833333333,981759.5625
52.93725,975573.25
52.9559333333333,977104
52.9746,970551
52.9932666666667,1005903.25
53.0119333333333,976257.75
53.0306166666667,1008409.4375
53.0492833333333,964330.9375
53.06795,965696.875
53.0866333333333,986168.75
53.1053,980620.125
53.1239666666667,975857.8125
53.14265,987274.6875
53.1613166666667,990422.4375
53.1799833333333,989442.125
53.19865,990190.0625
53.2173333333333,1000369.875
53.236,987105.9375
53.2546666666667,1006011
53.27335,985938.5625
53.2920166666667,1008099.375
53.3106833333333,988323.125
53.3293666666667,976146.5625
53.3480333333333,970880.125
53.3667,972869.0625
53.3853833333333,979604.125
53.40405,988342.875
53.4227166666667,978942.125
53.4413833333333,971895.9375
53.4600666666667,1000967.9375
53.4787333333333,973988.5
53.4974,1002778.8125
53.5160833333333,995251.375
53.53475,1006331.5625
53.5534166666667,1000045.0625
53.5721,1002275.75
53.5907666666667,1000114.125
53.6094333333333,983023.375
53.6281,989818.125
53.6467833333333,1038306.75
53.66545,998071.4375
53.6841166666667,1007882.1875
53.7028,1001981.75
53.7214666666667,1017251.6875
53.7401333333333,1026073.9375
53.7588,1027985.0625
53.7774833333333,1037633.125
53.79615,1021984.0625
53.8148166666667,1005516.5
53.8335,1043801.5625
53.8521666666667,1010630.625
53.8708333333333,985021.25
53.8895166666667,1018938.875
53.9081833333333,1014928.125
53.92685,1053312.5
53.9455166666667,1014843.875
53.9642,1026378.625
53.9828666666667,1019609.125
54.0015333333333,1045748.8125
54.0202166666667,1029040.3125
54.0388833333333,1053637.75
54.05755,1042604.5625
54.0762333333333,1029748.25
54.0949,1046009.375
54.1135666666667,1049901.5
54.1322333333333,1055493
54.1509166666667,1040259.5
54.1695833333333,1058213.5
54.18825,1074397.75
54.2069333333333,1052995.25
54.2256,1049031.125
54.2442666666667,1015045
54.26295,1050529.625
54.2816166666667,1064297.5
54.3002833333333,1052718.75
54.31895,1056788.75
54.3376333333333,1082573.375
54.3563,1072237
54.3749666666667,1083924.125
54.39365,1083972.5
54.4123166666667,1079387.625
54.4309833333333,1081206.75
54.44965,1084884.625
54.4683333333333,1074740
54.487,1079073.25
54.5056666666667,1104281.75
54.52435,1084015.5
54.5430166666667,1083799.625
54.5616833333333,1110149.25
54.5803666666667,1102852.5
54.5990333333333,1084750.125
54.6177,1091306.25
54.6363666666667,1115065.25
54.65505,1101958.375
54.6737166666667,1130030
54.6923833333333,1126580.25
54.7110666666667,1124089.625
54.7297333333333,1103782.5
54.7484,1120993.375
54.7670666666667,1138172.5
54.78575,1102778.375
54.8044166666667,1101173.5
54.8230833333333,1128627
54.8417666666667,1139850.625
54.8604333333333,1151741.125
54.8791,1102996
54.8977666666667,1154862.5
54.91645,1132168.75
54.9351166666667,1106516.375
54.9537833333333,1111228.125
54.9724666666667,1142670.25
54.9911333333333,1139121.25
55.0098,1156524.375
55.0284833333333,1128347.75
55.04715,1110638.375
55.0658166666667,1111265.75
55.0844833333333,1137508.25
55.1031666666667,1105233.625
55.1218333333333,1114667
55.1405,1150615.125
55.1591833333333,1138758.25
55.17785,1104956.75
55.1965166666667,1113264.125
55.2151833333333,1096489.625
55.2338666666667,1116210.5
55.2525333333333,1096460.25
55.2712,1104326.625
55.2898833333333,1108971.875
55.30855,1114656.5
55.3272166666667,1118406.5
55.3458833333333,1099551.125
55.3645666666667,1133039.5
55.3832333333333,1127526.5
55.4019,1112448.375
55.4205833333333,1098883.375
55.43925,1125829
55.4579166666667,1134168.625
55.4765833333333,1125014.25
55.4952666666667,1118410.125
55.5139333333333,1129007.625
55.5326,1143420
55.5512833333333,1131265.625
55.56995,1117480.5
55.5886166666667,1111958.375
55.6072833333333,1114077.125
55.6259666666667,1122140.75
55.6446333333333,1155184.625
55.6633,1156513.625
55.6819833333333,1167025.875
55.70065,1154329
55.7193166666667,1160850.875
55.738,1145584.25
55.7566666666667,1142792.5
55.7753333333333,1175592
55.794,1170515.875
55.8126833333333,1143585.625
55.83135,1169298.875
55.8500166666667,1129293.5
55.8687,1136791.875
55.8873666666667,1165653.625
55.9060333333333,1154503.25
55.9247,1148598.625
55.9433833333333,1141309.125
55.96205,1183554.375
55.9807166666667,1143200.875
55.9994,1170038.125
56.0180666666667,1163081.5
56.0367333333333,1172751.625
56.0554,1170848.25
56.0740833333333,1176101.75
56.09275,1198471.625
56.1114166666667,1204706.25
56.1301,1167771
56.1487666666667,1189784.75
56.1674333333333,1193912.5
56.1861166666667,1182457.375
56.2047833333333,1193894.375
56.22345,1208522.75
56.2421166666667,1179116.125
56.2608,1195972.375
56.2794666666667,1194229.5
56.2981333333333,1202092
56.3168166666667,1232466.5
56.3354833333333,1217065.25
56.35415,1221938.5
56.3728166666667,1233539.375
56.3915,1204713.5
56.4101666666667,1206052.875
56.4288333333333,1239641.25
56.4475166666667,1250267.75
56.4661833333333,1216452.75
56.48485,1225894.5
56.5035333333333,1220426.125
56.5222,1271952.75
56.5408666666667,1211369.75
56.5595333333333,1265208
56.5782166666667,1269692.25
56.5968833333333,1267494.75
56.61555,1261929.25
56.6342333333333,1238702.625
56.6529,1256867.75
56.6715666666667,1223245.375
56.6902333333333,1247343
56.7089166666667,1263496.625
56.7275833333333,1260392.875
56.74625,1245694.375
56.7649333333333,1272196.75
56.7836,1253594.25
56.8022666666667,1258493.75
56.82095,1283176
56.8396166666667,1252342.25
56.8582833333333,1266730
56.87695,1257158.875
56.8956333333333,1268516.125
56.9143,1297729.25
56.9329666666667,1267310.375
56.95165,1301278.875
56.9703166666667,1260119.5
56.9889833333333,1280174.25
57.00765,1252707.125
57.0263333333333,1278416.625
57.045,1284782.5
57.0636666666667,1286595.375
57.08235,1301576.125
57.1010166666667,1283451.125
57.1196833333333,1280884
57.13835,1314454.75
57.1570333333333,1281448.375
57.1757,1316731.5
57.1943666666667,1257259.75
57.21305,1302301.75
57.2317166666667,1284352.75
57.2503833333333,1289105.625
57.2690666666667,1285643
57.2877333333333,1286405.375
57.3064,1318346.75
57.3250666666667,1283069.875
57.34375,1308069.75
57.3624166666667,1299413.875
57.3810833333333,1284050.375
57.3997666666667,1300291.625
57.4184333333333,1282509.375
57.4371,1298502.875
57.4557666666667,1291341.625
57.47445,1303466.625
57.4931166666667,1300876.125
57.5117833333333,1303475.25
57.5304666666667,1325869.375
57.5491333333333,1323943
57.5678,1305220.875
57.5864666666667,1309317.25
57.60515,1303630.25
57.6238166666667,1288272.5
57.6424833333333,1250742.625
57.6611666666667,1332349.625
57.6798333333333,1322912
57.6985,1321437
57.7171666666667,1289282.5
57.73585,1318509.625
57.7545166666667,1325461
57.7731833333333,1331551.875
57.7918666666667,1326965.875
57.8105333333333,1319697.125
57.8292,1292829.75
57.8478666666667,1326515.125
57.86655,1307613
57.8852166666667,1315753.125
57.9038833333333,1304062.625
57.9225666666667,1339149.375
57.9412333333333,1312527.625
57.9599,1297540.625
57.9785666666667,1281867.25
57.99725,1325190.375
58.0159166666667,1352528.75
58.0345833333333,1318120.75
58.0532666666667,1338606.625
58.0719333333333,1346855.375
58.0906,1353922.875
58.1092666666667,1361479.875
58.12795,1318779.375
58.1466166666667,1348164.875
58.1652833333333,1363335.25
58.1839666666667,1351394
58.2026333333333,1346190.5
58.2213,1338444
58.2399666666667,1386887.75
58.25865,1345314.25
58.2773166666667,1359756.875
58.2959833333333,1366081
58.3146666666667,1354616.125
58.3333333333333,1351520.25
58.352,1349700.75
58.3706666666667,1412630.875
58.38935,1354240.375
58.4080166666667,1386623.25
58.4266833333333,1363967.125
58.4453666666667,1376900
58.4640333333333,1402510.625
58.4827,1357423.125
58.5013666666667,1369882.875
58.52005,1386530.75
58.5387166666667,1401760.875
58.5573833333333,1376746
58.5760666666667,1411050.75
58.5947333333333,1428543
58.6134,1425385
58.6320666666667,1420688
58.65075,1389320.875
58.6694166666667,1417942.75
58.6880833333333,1439175.125
58.7067666666667,1405715.75
58.7254333333333,1418288
58.7441,1456028
58.7627666666667,1418555
58.78145,1424458.25
58.8001166666667,1426081.375
58.8187833333333,1402006.625
58.8374666666667,1401249
58.8561333333333,1427752.875
58.8748,1423852.375
58.8934666666667,1435606.875
58.91215,1414045.625
58.9308166666667,1398951.5
58.9494833333333,1416899.875
58.96815,1437206.875
58.9868333333333,1432413.25
59.0055,1427796.25
59.0241666666667,1403933.125
59.04285,1383905.625
59.0615166666667,1427392.5
59.0801833333333,1380568.5
59.09885,1405095.5
59.1175333333333,1395898
59.1362,1407967.25
59.1548666666667,1381758.25
59.17355,1378374.875
59.1922166666667,1418353.5
59.2108833333333,1362977.625
59.22955,1362940.75
59.2482333333333,1385285.25
59.2669,1368385.875
59.2855666666667,1385027.125
59.30425,1356609
59.3229166666667,1367091.75
59.3415833333333,1364463.25
59.36025,1394793.25
59.3789333333333,1400432.75
59.3976,1395588
59.4162666666667,1370405
59.43495,1368160.875
59.4536166666667,1421841.25
59.4722833333333,1411528.25
59.49095,1424354.5
59.5096333333333,1403199.5
59.5283,1424052.875
59.5469666666667,1413777.625
59.56565,1442551.125
59.5843166666667,1401421.25
59.6029833333333,1409196
59.62165,1416208.875
59.6403333333333,1447495.125
59.659,1422816.875
59.6776666666667,1428959.875
59.69635,1425872.5
59.7150166666667,1403251.375
59.7336833333333,1420584.875
59.75235,1418977.75
59.7710333333333,1427761.625
59.7897,1448197.5
59.8083666666667,1445329.625
59.82705,1476082.625
59.8457166666667,1443173.75
59.8643833333333,1468568.25
59.8830666666667,1468889.25
59.9017333333333,1448929.375
59.9204,1465027.25
59.9390666666667,1459226.25
59.95775,1475789
59.9764166666667,1472408.625
59.9950833333333,1453682.375
60.0137666666667,1441429.25
60.0324333333333,1436591.75
60.0511,1469464.375
60.0697666666667,1455195.75
60.08845,1452019
60.1071166666667,1429094.125
60.1257833333333,1429461.75
60.14445,1423966.5
60.1631333333333,1432622.625
60.1818,1448688
60.2004666666667,1450129.75
60.21915,1443330.5
60.2378166666667,1430294.75
60.2564833333333,1423804
60.27515,1430031.5
60.2938333333333,1486210.375
60.3125,1446964.75
60.3311666666667,1456248.75
60.34985,1454810
60.3685166666667,1489533.125
60.3871833333333,1465914.625
60.40585,1460392.5
60.4245333333333,1471669.125
60.4432,1458212.625
60.4618666666667,1460231.125
60.48055,1434178
60.4992166666667,1485306
60.5178833333333,1496498.75
60.53655,1477202.625
60.5552333333333,1512161.875
60.5739,1501681.25
60.5925666666667,1503030.25
60.61125,1488228.125
60.6299166666667,1512014.375
60.6485833333333,1513735.125
60.66725,1508290.375
60.6859333333333,1527226.375
60.7046,1548931.625
60.7232666666667,1556407.375
60.74195,1551787.25
60.7606166666667,1552263.75
60.7792833333333,1571830
60.79795,1551138.125
60.8166333333333,1573699.625
60.8353,1626192.375
60.8539666666667,1570247.75
60.87265,1593759.125
60.8913166666667,1602452.375
60.9099833333333,1603919.125
60.9286666666667,1602399
60.9473333333333,1647776.25
60.966,1605444.25
60.9846666666667,1670387.625
61.00335,1673002.625
61.0220166666667,1661999.625
61.0406833333333,1704694.375
61.0593666666667,1685926
61.0780333333333,1733332.25
61.0967,1740076.875
61.1153666666667,1726259.125
61.13405,1757290.25
61.1527166666667,1736334.875
61.1713833333333,1761423
61.1900666666667,1781430.625
61.2087333333333,1779422
61.2274,1793452.875
61.2460666666667,1814718.75
61.26475,1819945.875
61.2834166666667,1829604.625
61.3020833333333,1809207.875
61.32075,1789746.125
61.3394333333333,1838206.5
61.3581,1786460.25
61.3767666666667,1826630.375
61.39545,1842790
61.4141166666667,1846670.25
61.4327833333333,1821829.25
61.45145,1843285.125
61.4701333333333,1775489.625
61.4888,1757001
61.5074666666667,1760974.375
61.52615,1741815.75
61.5448166666667,1766241.375
61.5634833333333,1722916.5
61.58215,1747410
61.6008333333333,1698812.5
61.6195,1673228.625
61.6381666666667,1678143.875
61.6568333333333,1697401.75
61.6755166666667,1678560.625
61.6941833333333,1657253.5
61.71285,1645745.5
61.7315333333333,1686402.75
61.7502,1638619.75
61.7688666666667,1644889.125
61.7875333333333,1628131.5
61.8062166666667,1639364.5
61.8248833333333,1621718.125
61.84355,1624235.375
61.8622333333333,1614324
61.8809,1601926
61.8995666666667,1563632.875
61.9182333333333,1564640.5
61.9369166666667,1555205.125
61.9555833333333,1561103.875
61.97425,1564186.125
61.9929333333333,1585985.5
62.0116,1574630.125
62.0302666666667,1583996.625
62.0489333333333,1557510.75
62.0676166666667,1557719.875
62.0862833333333,1503261
62.10495,1557333.125
62.1236333333333,1534418.625
62.1423,1543127.625
62.1609666666667,1551543.5
62.1796333333333,1525203.375
62.1983166666667,1565730.375
62.2169833333333,1548256
62.23565,1556188.375
62.2543333333333,1517488.5
62.273,1546474
62.2916666666667,1483409.5
62.31035,1538720.75
62.3290166666667,1507756.875
62.3476833333333,1491340.875
62.36635,1489231.125
62.3850333333333,1497037.75
62.4037,1519728.5
62.4223666666667,1508310.375
62.44105,1505596.125
62.4597166666667,1496178.75
62.4783833333333,1480525.875
62.49705,1469361.25
62.5157333333333,1488932.125
62.5344,1478298
62.5530666666667,1512282.75
62.5717333333333,1500323.625
62.5904166666667,1443781.625
62.6090833333333,1497544.125
62.62775,1489944
62.6464333333333,1514986.875
62.6651,1488056.5
62.6837666666667,1453190.625
62.7024333333333,1482946.75
62.7211166666667,1494614.875
62.7397833333333,1506425.5
62.75845,1496890.375
62.7771333333333,1490526.75
62.7958,1514689.125
62.8144666666667,1477353.375
62.8331333333333,1490590
62.8518166666667,1517660.125
62.8704833333333,1521792.125
62.88915,1493179.625
62.9078333333333,1530401.25
62.9265,1521400.625
62.9451666666667,1575098.5
62.9638333333333,1538081.75
62.9825166666667,1548225.875
63.0011833333333,1553363.125
63.01985,1547690.125
63.0385333333333,1539725
63.0572,1580781.25
63.0758666666667,1602472.5
63.09455,1601428.125
63.1132166666667,1943057.75
